transactions_id,sale_date,sale_time,customer_id,gender,age
180,05-11-22,10:47:00,117,Male,41
522,09-07-22,11:00:00,52,Male,46
559,12-12-22,10:48:00,5,Female,40
1180,06-01-22,8:53:00,85,Male,41
1522,14-11-22,8:35:00,48,Male,46
1559,20-08-22,7:40:00,49,Female,40
163,31-10-22,9:38:00,144,Female,64
303,22-04-22,11:09:00,54,Male,19
421,08-04-22,8:43:00,66,Female,37
979,18-05-22,10:18:00,6,Female,19
1163,04-05-22,10:52:00,120,Female,64
1303,19-03-22,8:59:00,58,Male,19
1421,17-01-22,7:07:00,59,Female,37
1979,17-08-22,11:34:00,102,Female,19
610,18-12-22,6:56:00,137,Female,26
1610,23-11-22,10:18:00,1,Female,26
32,16-07-22,9:11:00,150,Male,30
231,09-07-22,7:02:00,50,Female,23
683,06-03-22,10:22:00,82,Male,38
1032,01-04-22,8:15:00,1,Male,30
1231,29-01-22,7:05:00,12,Female,23
1683,04-05-22,7:19:00,98,Male,38
367,30-12-22,7:03:00,123,Female,57
391,25-03-22,7:37:00,68,Male,19
432,10-03-22,11:31:00,17,Female,
1367,15-04-22,11:38:00,16,Female,
1391,01-03-22,11:29:00,130,Male,
1432,25-12-22,6:24:00,67,Female,
150,13-04-22,8:25:00,89,Female,
845,27-10-22,10:12:00,25,Male,
1150,22-08-22,10:04:00,77,Female,
1845,24-05-22,7:06:00,94,Male,
797,16-09-22,6:38:00,116,Male,
921,28-09-22,9:34:00,101,Male,
1797,16-04-22,11:47:00,147,Male,40
1921,08-02-22,7:01:00,77,Male,51
291,22-11-22,8:29:00,15,Male,60
907,02-09-22,6:16:00,145,Female,45
1291,04-04-22,11:19:00,72,Male,60
1907,17-11-22,11:21:00,115,Female,45
860,11-04-22,8:58:00,85,Male,63
1860,12-03-22,11:21:00,57,Male,63
184,13-02-22,6:44:00,128,Male,31
734,12-03-22,8:54:00,77,Female,27
1184,12-02-22,8:28:00,23,Male,31
1734,28-02-22,8:58:00,72,Female,27
225,05-03-22,7:37:00,85,Female,57
679,26-08-22,8:59:00,64,Female,18
746,05-07-22,11:33:00,42,Female,33
1225,02-02-22,9:51:00,137,Female,57
1679,23-09-22,8:08:00,71,Female,18
1746,13-06-22,7:59:00,88,Female,33
3,14-06-22,7:08:00,114,Male,50
464,06-03-22,11:13:00,24,Male,38
484,13-03-22,7:52:00,135,Female,19
591,21-03-22,8:38:00,94,Male,53
1003,26-01-22,7:59:00,80,Male,50
1464,13-11-22,10:06:00,80,Male,38
1484,23-11-22,9:29:00,22,Female,19
1591,29-09-22,11:00:00,62,Male,53
21,11-07-22,7:33:00,59,Female,50
708,06-04-22,8:38:00,62,Female,43
713,16-04-22,11:43:00,39,Male,34
768,27-06-22,6:50:00,58,Female,24
1021,11-06-22,10:19:00,44,Female,50
1708,08-02-22,7:47:00,41,Female,43
1713,03-10-22,10:10:00,90,Male,34
1768,31-07-22,9:52:00,85,Female,24
499,03-04-22,10:52:00,15,Male,46
697,25-12-22,7:52:00,152,Male,53
831,30-11-22,11:49:00,149,Male,27
1499,23-09-22,9:46:00,3,Male,46
1697,18-12-22,8:22:00,54,Male,53
1831,26-03-22,10:54:00,80,Male,27
15,01-07-22,11:50:00,75,Female,42
743,07-08-22,7:54:00,55,Female,34
1015,09-03-22,11:53:00,94,Female,42
1743,26-10-22,9:37:00,47,Female,34
14,18-05-22,7:11:00,8,Male,64
103,12-11-22,10:05:00,33,Female,59
238,10-05-22,11:52:00,20,Female,39
986,01-08-22,9:35:00,65,Female,49
1014,04-02-22,10:26:00,147,Male,64
1103,14-02-22,7:11:00,61,Female,59
1238,17-09-22,7:38:00,129,Female,39
1986,14-09-22,8:28:00,29,Female,49
438,31-08-22,10:15:00,88,Female,42
1438,07-01-22,10:00:00,72,Female,42
475,12-08-22,10:39:00,78,Male,26
505,17-12-22,7:25:00,86,Male,24
1475,04-10-22,7:03:00,132,Male,26
1505,30-10-22,8:00:00,98,Male,24
344,17-07-22,9:47:00,69,Female,42
448,19-03-22,9:36:00,86,Female,54
742,19-03-22,6:08:00,37,Female,38
1344,18-12-22,6:12:00,144,Female,42
1448,16-05-22,6:28:00,51,Female,54
1742,22-11-22,8:25:00,18,Female,38
445,14-04-22,10:48:00,132,Female,53
787,10-06-22,10:42:00,25,Male,41
1445,19-04-22,6:16:00,31,Female,53
1787,30-05-22,7:42:00,104,Male,41
49,17-09-22,10:33:00,37,Female,54
420,02-01-22,10:53:00,28,Female,22
519,08-04-22,10:17:00,52,Female,36
1049,16-05-22,6:36:00,143,Female,54
1420,15-04-22,7:01:00,138,Female,22
1519,08-01-22,7:35:00,139,Female,36
64,15-11-22,6:34:00,7,Male,49
592,26-12-22,9:15:00,77,Female,46
912,31-10-22,6:18:00,122,Male,51
1064,14-04-22,10:38:00,49,Male,49
1592,16-03-22,9:08:00,81,Female,46
1912,27-05-22,7:40:00,146,Male,51
134,25-08-22,9:03:00,132,Male,49
1134,05-08-22,9:04:00,106,Male,49
288,02-05-22,9:59:00,27,Male,28
323,21-01-22,8:22:00,97,Female,29
618,13-10-22,10:22:00,5,Female,27
720,08-04-22,8:50:00,116,Female,56
1288,05-04-22,11:56:00,26,Male,28
1323,15-08-22,10:49:00,136,Female,29
1618,15-09-22,6:27:00,118,Female,27
1720,10-10-22,8:51:00,28,Female,56
415,05-01-22,9:59:00,85,Male,53
736,18-12-22,8:30:00,97,Male,29
929,11-03-22,10:18:00,40,Female,23
1415,06-03-22,7:11:00,146,Male,53
1736,28-08-22,8:57:00,87,Male,29
1929,15-09-22,6:50:00,62,Female,23
264,26-12-22,11:03:00,111,Male,47
913,12-10-22,10:52:00,78,Male,29
940,05-01-22,8:11:00,46,Female,20
1264,27-05-22,9:23:00,82,Male,47
1913,23-06-22,7:10:00,101,Male,29
1940,15-06-22,9:47:00,56,Female,20
101,08-01-22,8:46:00,24,Male,32
1101,17-05-22,7:47:00,15,Male,32
189,02-01-22,9:44:00,143,Male,63
317,04-05-22,7:54:00,117,Male,22
322,19-10-22,6:11:00,13,Male,51
329,27-10-22,7:42:00,52,Female,46
1189,07-12-22,6:08:00,104,Male,63
1317,25-08-22,8:02:00,144,Male,22
1322,14-11-22,9:56:00,10,Male,51
1329,27-01-22,10:39:00,119,Female,46
235,10-03-22,10:13:00,132,Female,23
300,08-01-22,9:41:00,138,Female,19
964,26-08-22,8:18:00,15,Male,24
1235,04-04-22,6:44:00,87,Female,23
1300,08-08-22,8:57:00,7,Female,19
1964,02-08-22,8:27:00,115,Male,24
269,19-09-22,11:31:00,87,Male,25
320,20-04-22,8:35:00,57,Female,28
673,04-07-22,10:14:00,18,Female,43
1269,01-01-22,8:09:00,71,Male,25
1320,02-11-22,11:55:00,102,Female,28
1673,14-06-22,7:36:00,42,Female,43
142,08-04-22,10:05:00,61,Male,35
223,15-01-22,11:18:00,61,Female,64
666,03-03-22,10:59:00,49,Male,51
1142,09-11-22,9:49:00,2,Male,35
1223,20-02-22,7:40:00,106,Female,64
1666,08-12-22,10:10:00,125,Male,51
107,06-10-22,9:18:00,75,Female,21
933,19-09-22,7:53:00,81,Male,22
1107,31-12-22,11:14:00,62,Female,21
1933,12-01-22,11:04:00,121,Male,22
237,11-04-22,8:54:00,105,Female,50
335,02-02-22,9:23:00,2,Female,47
1237,23-02-22,9:20:00,48,Female,50
1335,27-05-22,8:45:00,117,Female,47
63,03-02-22,11:49:00,127,Male,57
195,14-08-22,11:51:00,10,Male,52
333,06-10-22,8:15:00,21,Female,54
379,01-06-22,7:28:00,76,Female,47
490,27-01-22,6:07:00,43,Male,34
530,01-05-22,7:52:00,8,Female,18
740,01-12-22,6:58:00,33,Female,25
793,27-05-22,10:53:00,1,Male,54
1063,04-08-22,10:26:00,56,Male,57
1195,21-09-22,7:07:00,55,Male,52
1333,01-11-22,11:38:00,151,Female,54
1379,02-01-22,6:23:00,69,Female,47
1490,26-10-22,7:15:00,155,Male,34
1530,10-12-22,8:17:00,93,Female,18
1740,16-07-22,6:01:00,66,Female,25
1793,11-12-22,6:05:00,88,Male,54
85,03-09-22,8:05:00,68,Male,31
232,12-08-22,7:14:00,150,Female,43
240,05-11-22,11:49:00,95,Female,23
993,07-09-22,9:21:00,134,Female,48
1085,12-08-22,9:29:00,76,Male,31
1232,23-05-22,8:05:00,146,Female,43
1240,07-08-22,7:42:00,144,Female,23
1993,29-12-22,11:53:00,123,Female,48
366,29-10-22,9:32:00,116,Male,57
372,19-06-22,11:45:00,27,Female,24
596,12-02-22,8:44:00,87,Female,64
936,05-01-22,10:51:00,143,Male,57
1366,01-01-22,11:34:00,25,Male,57
1372,18-03-22,10:53:00,60,Female,24
1596,28-03-22,6:22:00,7,Female,64
1936,19-06-22,11:32:00,60,Male,57
284,12-11-22,9:17:00,129,Male,43
434,26-10-22,6:09:00,50,Female,43
775,06-05-22,11:07:00,98,Female,46
977,26-07-22,8:35:00,46,Female,35
1284,16-12-22,11:43:00,145,Male,43
1434,04-02-22,10:02:00,147,Female,43
1775,18-12-22,8:04:00,78,Female,46
1977,05-08-22,10:46:00,63,Female,35
649,21-06-22,8:17:00,44,Female,58
1649,21-10-22,7:44:00,72,Female,58
54,20-10-22,10:17:00,142,Female,38
68,15-12-22,9:06:00,146,Male,25
192,08-11-22,8:05:00,134,Male,62
1054,10-01-22,9:24:00,49,Female,38
1068,14-09-22,10:11:00,136,Male,25
1192,29-03-22,8:41:00,37,Male,62
331,16-08-22,8:33:00,28,Male,28
346,05-09-22,6:54:00,38,Male,59
657,29-01-22,8:53:00,46,Male,40
732,13-10-22,8:45:00,136,Male,61
972,16-08-22,11:42:00,139,Male,49
1331,15-05-22,9:29:00,36,Male,28
1346,10-04-22,10:01:00,112,Male,59
1657,09-08-22,10:05:00,61,Male,40
1732,25-02-22,7:05:00,55,Male,61
1972,21-12-22,6:39:00,5,Male,49
714,29-10-22,8:50:00,20,Female,18
1714,23-11-22,6:07:00,111,Female,18
193,27-03-22,10:40:00,55,Male,35
577,21-04-22,11:55:00,45,Male,21
848,24-01-22,10:46:00,15,Female,63
945,01-10-22,10:01:00,120,Male,30
1193,11-05-22,11:31:00,50,Male,35
1577,11-09-22,6:22:00,145,Male,21
1848,27-12-22,10:16:00,63,Female,63
1945,19-04-22,9:55:00,33,Male,30
11,27-02-22,10:30:00,151,Male,23
821,23-11-22,11:27:00,40,Male,49
1011,01-04-22,6:48:00,15,Male,23
1821,03-10-22,7:17:00,42,Male,49
133,23-06-22,9:01:00,70,Male,20
1133,05-03-22,6:42:00,58,Male,20
16,25-06-22,10:33:00,82,Male,19
42,08-12-22,8:29:00,63,Male,22
292,10-10-22,6:33:00,111,Male,20
416,21-08-22,9:29:00,55,Male,53
584,31-12-22,10:21:00,106,Female,27
861,30-09-22,8:57:00,22,Female,41
1016,12-12-22,7:39:00,52,Male,19
1042,11-02-22,6:21:00,7,Male,22
1292,15-05-22,8:20:00,88,Male,20
1416,29-12-22,10:47:00,111,Male,53
1584,03-09-22,11:07:00,62,Female,27
1861,04-07-22,10:41:00,145,Female,41
256,09-01-22,8:05:00,3,Male,23
1256,05-11-22,9:58:00,29,Male,23
44,03-03-22,11:07:00,93,Female,22
257,10-12-22,8:49:00,130,Male,19
1044,20-02-22,9:08:00,70,Female,22
1257,10-05-22,11:55:00,29,Male,19
268,14-04-22,8:26:00,93,Female,28
287,26-08-22,11:07:00,88,Male,54
966,07-11-22,7:22:00,119,Male,60
1268,09-06-22,9:33:00,15,Female,28
1287,13-09-22,8:03:00,120,Male,54
1966,20-07-22,9:52:00,74,Male,60
70,27-12-22,10:48:00,147,Female,43
371,18-12-22,10:01:00,32,Female,20
900,10-11-22,8:41:00,130,Male,21
1070,14-07-22,11:12:00,102,Female,43
1371,06-05-22,6:52:00,41,Female,20
1900,21-01-22,6:43:00,65,Male,21
8,27-12-22,11:19:00,148,Male,30
41,11-10-22,10:36:00,88,Male,34
454,12-03-22,7:20:00,13,Female,46
780,06-07-22,11:30:00,107,Male,52
920,20-08-22,10:25:00,99,Female,28
1008,10-01-22,8:51:00,116,Male,30
1041,10-05-22,7:27:00,74,Male,34
1454,25-06-22,11:18:00,22,Female,46
1780,11-12-22,10:00:00,32,Male,52
1920,24-10-22,8:33:00,23,Female,28
396,15-12-22,7:11:00,29,Female,55
1396,07-06-22,6:23:00,9,Female,55
168,29-04-22,9:20:00,138,Male,53
400,08-03-22,9:52:00,2,Male,53
611,21-07-22,8:13:00,11,Male,51
800,19-09-22,7:33:00,111,Male,32
1168,10-07-22,7:56:00,68,Male,53
1400,12-09-22,11:54:00,115,Male,53
1611,17-11-22,7:30:00,125,Male,51
1800,21-08-22,10:53:00,1,Male,32
272,10-06-22,11:57:00,112,Female,61
473,25-09-22,10:09:00,1,Male,64
506,29-04-22,7:13:00,9,Male,34
766,04-01-22,8:02:00,128,Male,38
1272,14-04-22,11:59:00,66,Female,61
1473,19-03-22,9:06:00,30,Male,64
1506,09-01-22,7:31:00,52,Male,34
1766,22-11-22,6:08:00,6,Male,38
135,18-04-22,7:22:00,104,Male,20
1135,14-01-22,8:16:00,124,Male,20
2,24-06-22,10:07:00,104,Female,26
158,21-01-22,11:38:00,141,Female,44
185,27-06-22,9:48:00,57,Male,24
433,29-07-22,8:48:00,144,Male,29
1002,02-03-22,9:24:00,69,Female,26
1158,24-02-22,9:29:00,77,Female,44
1185,04-10-22,10:28:00,153,Male,24
1433,16-01-22,11:41:00,113,Male,29
152,16-06-22,11:58:00,120,Male,43
753,06-07-22,10:07:00,70,Female,32
763,23-04-22,9:43:00,58,Male,34
932,08-10-22,8:33:00,120,Female,45
1152,26-12-22,7:48:00,87,Male,43
1753,17-07-22,7:40:00,28,Female,32
1763,30-06-22,11:37:00,93,Male,34
1932,08-11-22,7:07:00,96,Female,45
399,07-12-22,9:25:00,136,Female,64
500,14-10-22,6:11:00,120,Female,60
514,04-11-22,8:35:00,139,Female,18
1399,28-01-22,9:32:00,15,Female,64
1500,20-04-22,8:36:00,53,Female,60
1514,12-07-22,10:55:00,59,Female,18
947,31-07-22,7:09:00,4,Male,50
1947,05-03-22,6:27:00,134,Male,50
220,07-05-22,6:44:00,138,Male,64
339,18-08-22,10:27:00,33,Female,22
785,19-10-22,6:09:00,88,Female,31
885,17-09-22,10:10:00,121,Female,52
888,01-12-22,6:03:00,63,Female,52
1220,29-06-22,11:16:00,47,Male,64
1339,10-11-22,10:34:00,132,Female,22
1785,20-02-22,11:17:00,144,Female,31
1885,09-11-22,7:32:00,148,Female,52
1888,14-06-22,8:10:00,49,Female,52
621,13-04-22,9:55:00,138,Female,40
1621,22-09-22,10:49:00,2,Female,40
52,19-09-22,9:42:00,55,Female,36
536,20-08-22,6:25:00,17,Female,55
1052,12-02-22,6:12:00,94,Female,36
1536,11-05-22,7:23:00,14,Female,55
197,03-04-22,11:57:00,14,Female,42
750,13-11-22,7:33:00,69,Female,35
910,21-08-22,6:29:00,138,Female,20
917,15-02-22,11:50:00,120,Female,57
1197,13-08-22,10:07:00,77,Female,42
1750,20-01-22,10:10:00,138,Female,35
1910,09-10-22,6:22:00,141,Female,20
1917,02-05-22,7:17:00,52,Female,57
198,21-05-22,11:42:00,30,Female,54
444,06-10-22,7:06:00,51,Female,61
547,14-11-22,7:36:00,3,Male,63
705,30-09-22,7:28:00,37,Male,60
1198,07-08-22,10:43:00,147,Female,54
1444,29-04-22,6:18:00,135,Female,61
1547,11-08-22,6:39:00,142,Male,63
1705,14-08-22,8:32:00,94,Male,60
423,18-07-22,6:06:00,41,Female,27
1423,15-06-22,7:56:00,131,Female,27
248,02-07-22,7:11:00,5,Male,26
360,09-09-22,9:04:00,26,Male,42
377,13-09-22,8:30:00,141,Female,46
1248,08-09-22,8:20:00,68,Male,26
1360,18-06-22,9:31:00,93,Male,42
1377,21-03-22,7:52:00,71,Female,46
397,26-10-23,8:06:00,59,Female,30
623,15-11-23,10:00:00,39,Male,34
1397,01-01-23,11:05:00,6,Female,30
1623,05-03-23,6:14:00,76,Male,34
717,30-11-23,8:15:00,8,Male,57
1717,12-01-23,9:40:00,21,Male,57
130,19-06-23,6:21:00,114,Female,57
658,30-10-23,7:47:00,93,Male,59
1130,20-02-23,9:03:00,28,Female,57
1658,10-04-23,6:08:00,148,Male,59
7,06-07-23,6:24:00,38,Male,46
119,01-09-23,9:11:00,127,Female,60
278,22-12-23,11:42:00,71,Female,37
1007,09-06-23,10:09:00,15,Male,46
1119,19-11-23,9:36:00,1,Female,60
1278,19-07-23,6:19:00,28,Female,37
117,04-08-23,11:38:00,8,Male,19
1117,11-09-23,7:48:00,144,Male,19
442,30-06-23,11:07:00,24,Female,60
590,04-05-23,11:52:00,151,Male,36
607,05-05-23,9:33:00,109,Male,54
1442,16-02-23,11:02:00,96,Female,60
1590,10-08-23,9:39:00,142,Male,36
1607,16-01-23,10:18:00,53,Male,54
436,22-10-23,11:54:00,21,Female,57
942,01-12-23,9:22:00,35,Male,51
1436,20-01-23,11:29:00,1,Female,57
1942,16-09-23,11:53:00,112,Male,51
659,09-06-23,6:08:00,75,Female,39
941,28-04-23,9:58:00,39,Female,57
1659,27-07-23,9:29:00,22,Female,39
1941,06-01-23,6:14:00,48,Female,57
136,26-12-23,8:59:00,25,Male,44
175,25-01-23,10:02:00,23,Female,31
663,16-08-23,6:32:00,133,Male,23
748,01-03-23,9:35:00,132,Male,25
806,22-01-23,8:08:00,14,Female,35
1136,02-07-23,8:41:00,93,Male,44
1175,02-06-23,6:38:00,103,Female,31
1663,07-12-23,7:04:00,33,Male,23
1748,02-03-23,10:24:00,119,Male,25
1806,14-06-23,10:13:00,61,Female,35
38,25-02-23,11:39:00,147,Male,38
313,16-12-23,10:03:00,11,Female,55
402,12-07-23,8:45:00,63,Female,41
459,23-05-23,7:12:00,122,Male,28
1038,30-12-23,9:09:00,11,Male,38
1313,04-06-23,9:22:00,10,Female,55
1402,24-06-23,6:47:00,110,Female,41
1459,10-11-23,6:46:00,13,Male,28
161,01-07-23,6:58:00,104,Male,64
328,29-10-23,6:56:00,9,Male,39
383,24-03-23,8:53:00,64,Female,46
973,03-09-23,8:44:00,51,Male,60
978,27-07-23,9:58:00,16,Female,53
1161,29-06-23,11:06:00,30,Male,64
1328,10-12-23,7:49:00,60,Male,39
1383,06-09-23,9:13:00,68,Female,46
1973,19-08-23,10:10:00,22,Male,60
1978,31-08-23,11:59:00,41,Female,53
33,24-12-23,7:40:00,33,Female,50
138,27-04-23,10:56:00,127,Male,49
471,08-03-23,10:21:00,136,Male,32
636,09-05-23,6:15:00,60,Female,21
1033,12-04-23,6:52:00,32,Female,50
1138,16-10-23,11:59:00,27,Male,49
1471,25-06-23,10:34:00,30,Male,32
1636,22-07-23,11:26:00,50,Female,21
177,24-03-23,8:40:00,30,Male,45
426,13-12-23,8:11:00,137,Male,23
1177,20-02-23,9:19:00,89,Male,45
1426,12-12-23,11:32:00,114,Male,23
76,09-09-23,7:33:00,70,Female,22
91,14-04-23,6:31:00,152,Female,55
461,18-07-23,10:33:00,21,Female,18
764,07-11-23,8:46:00,47,Female,40
1076,14-07-23,11:09:00,99,Female,22
1091,15-07-23,8:46:00,139,Female,55
1461,01-05-23,8:43:00,63,Female,18
1764,02-11-23,11:04:00,13,Female,40
202,25-01-23,6:24:00,61,Female,34
301,30-07-23,10:58:00,104,Male,30
703,31-07-23,9:56:00,140,Male,34
1202,13-11-23,6:56:00,89,Female,34
1301,24-09-23,9:58:00,70,Male,30
1703,10-06-23,8:36:00,2,Male,34
294,09-10-23,9:24:00,89,Female,23
760,26-06-23,7:59:00,14,Male,27
1294,24-01-23,11:24:00,8,Female,23
1760,23-08-23,7:26:00,44,Male,27
575,12-12-23,10:29:00,14,Male,60
1575,28-07-23,11:54:00,26,Male,60
88,16-02-23,8:31:00,122,Male,56
1088,14-09-23,7:00:00,6,Male,56
975,09-01-23,7:41:00,145,Female,56
1975,21-08-23,10:48:00,63,Female,56
553,20-03-23,6:17:00,106,Male,24
1553,29-01-23,8:46:00,42,Male,24
462,26-08-23,10:04:00,71,Male,63
614,13-02-23,6:28:00,61,Female,39
808,22-11-23,7:18:00,30,Male,33
1462,13-11-23,10:42:00,124,Male,63
1614,23-08-23,11:37:00,135,Female,39
1808,12-02-23,10:48:00,109,Male,33
166,28-01-23,11:42:00,32,Male,34
465,22-02-23,11:52:00,40,Female,43
502,22-07-23,11:00:00,31,Male,43
905,01-10-23,6:27:00,96,Male,58
1166,19-07-23,7:45:00,65,Male,34
1465,17-04-23,9:36:00,131,Female,43
1502,08-04-23,8:30:00,152,Male,43
1905,29-08-23,6:07:00,26,Male,58
280,17-11-23,9:35:00,76,Female,37
719,02-07-23,7:19:00,37,Female,42
834,26-11-23,6:55:00,13,Female,56
1280,24-08-23,9:15:00,116,Female,37
1719,28-12-23,7:29:00,4,Female,42
1834,14-04-23,6:53:00,102,Female,56
891,09-01-23,6:43:00,24,Male,41
928,05-11-23,10:20:00,54,Female,35
1891,22-12-23,6:11:00,81,Male,41
1928,29-07-23,6:39:00,93,Female,35
332,24-04-23,11:28:00,138,Male,58
1332,04-12-23,10:02:00,146,Male,58
255,15-10-23,11:44:00,19,Male,48
275,05-03-23,11:34:00,2,Male,43
314,15-10-23,7:37:00,1,Male,52
517,20-08-23,8:54:00,3,Female,47
847,10-01-23,8:42:00,2,Female,18
1255,20-01-23,7:08:00,4,Male,48
1275,02-03-23,8:48:00,5,Male,43
1314,23-05-23,10:26:00,2,Male,52
1517,21-02-23,8:46:00,2,Female,47
1847,28-07-23,7:14:00,5,Female,18
61,07-07-23,11:47:00,4,Male,21
274,14-04-23,7:12:00,4,Female,23
486,02-12-23,9:47:00,4,Female,35
548,14-04-23,7:00:00,4,Female,51
886,11-12-23,11:25:00,4,Male,37
892,13-09-23,11:39:00,1,Male,20
1061,18-09-23,7:56:00,3,Male,21
1274,06-10-23,9:01:00,2,Female,23
1486,22-11-23,8:58:00,4,Female,35
1548,13-01-23,8:15:00,1,Female,51
1886,26-07-23,11:51:00,1,Male,37
1892,01-10-23,7:22:00,3,Male,20
601,05-06-23,9:23:00,5,Male,19
901,02-08-23,6:38:00,2,Male,31
1601,14-09-23,11:48:00,1,Male,19
1901,29-11-23,11:05:00,4,Male,31
527,21-04-23,11:35:00,1,Male,57
1527,29-09-23,8:30:00,1,Male,57
23,28-09-23,7:05:00,4,Female,35
174,15-11-23,6:07:00,2,Female,39
589,08-07-23,7:11:00,5,Female,36
774,06-11-23,9:04:00,2,Female,40
1000,01-04-23,10:22:00,1,Male,47
1023,23-05-23,8:40:00,5,Female,35
1174,17-05-23,6:55:00,2,Female,39
1589,01-07-23,6:30:00,5,Female,36
1774,09-03-23,6:48:00,2,Female,40
2000,31-03-23,6:38:00,4,Male,47
210,07-10-23,8:50:00,2,Male,37
478,24-07-23,11:13:00,3,Female,58
745,14-08-23,7:30:00,3,Male,54
1210,10-03-23,10:02:00,5,Male,37
1478,31-08-23,9:18:00,1,Female,58
1745,28-09-23,10:38:00,4,Male,54
354,16-12-23,7:58:00,5,Female,49
408,22-12-23,8:18:00,4,Female,64
1354,17-09-23,9:34:00,5,Female,49
1408,28-08-23,8:17:00,2,Female,64
674,30-03-23,11:10:00,2,Female,38
1674,22-11-23,9:21:00,1,Female,38
967,04-08-23,10:13:00,4,Male,62
1967,23-02-23,8:28:00,4,Male,62
79,13-04-23,10:15:00,1,Male,34
406,01-04-23,11:50:00,3,Female,22
450,01-12-23,6:35:00,2,Female,59
562,09-11-23,9:26:00,3,Male,54
1079,21-08-23,6:45:00,1,Male,34
1406,22-06-23,8:45:00,2,Female,22
1450,16-07-23,8:52:00,1,Female,59
1562,26-11-23,10:21:00,5,Male,54
108,24-01-23,9:38:00,5,Female,27
111,15-04-23,9:45:00,5,Female,34
207,06-08-23,8:34:00,3,Female,42
724,14-06-23,6:56:00,3,Male,61
836,21-06-23,6:32:00,2,Female,22
969,27-11-23,11:47:00,2,Female,40
1108,08-07-23,10:27:00,1,Female,27
1111,30-04-23,21:34:00,2,Female,34
1207,30-06-23,21:48:00,3,Female,42
1724,15-09-23,20:53:00,4,Male,61
1836,13-02-23,17:19:00,3,Female,22
1969,05-03-23,19:34:00,4,Female,40
246,07-12-23,20:05:00,4,Female,48
298,05-10-23,19:05:00,3,Male,27
374,27-10-23,17:45:00,4,Female,59
572,13-12-23,18:33:00,5,Male,31
665,03-10-23,22:49:00,1,Male,57
1246,26-04-23,22:54:00,3,Female,48
1298,02-05-23,19:51:00,1,Male,27
1374,23-03-23,22:03:00,3,Female,59
1572,18-06-23,22:20:00,1,Male,31
1665,01-11-23,19:38:00,4,Male,57
39,11-07-23,22:44:00,5,Male,23
893,29-04-23,18:52:00,1,Male,49
1039,03-12-23,20:01:00,1,Male,23
1893,25-02-23,17:04:00,3,Male,49
17,25-02-23,21:08:00,3,Female,27
316,01-02-23,17:25:00,3,Female,48
755,27-11-23,20:07:00,1,Female,58
1017,05-09-23,18:41:00,2,Female,27
1316,21-07-23,17:11:00,1,Female,48
1755,23-05-23,21:47:00,2,Female,58
28,11-12-23,22:34:00,3,Female,43
98,09-04-23,19:41:00,1,Female,55
129,17-04-23,17:42:00,1,Female,21
230,26-03-23,17:44:00,5,Male,54
613,08-05-23,17:23:00,2,Female,52
691,12-05-23,21:09:00,5,Female,51
693,08-06-23,17:12:00,1,Male,41
1028,09-03-23,18:09:00,1,Female,43
1098,06-07-23,22:34:00,3,Female,55
1129,08-09-23,21:46:00,1,Female,21
1230,04-12-23,21:24:00,1,Male,54
1613,14-12-23,21:58:00,4,Female,52
1691,07-01-23,20:01:00,1,Female,51
1693,20-02-23,18:21:00,1,Male,41
477,03-12-23,17:24:00,3,Male,43
863,12-11-23,22:40:00,4,Female,30
1477,08-01-23,21:59:00,3,Male,43
1863,26-05-23,22:33:00,4,Female,30
6,15-11-23,22:16:00,2,Female,45
483,06-02-23,17:25:00,2,Male,55
738,05-02-23,18:24:00,5,Male,41
1006,29-10-23,19:23:00,2,Female,45
1483,05-03-23,19:53:00,1,Male,55
1738,12-11-23,21:33:00,1,Male,41
222,07-01-23,18:56:00,4,Male,51
588,18-10-23,17:54:00,5,Male,38
953,02-07-23,17:58:00,1,Male,45
1222,17-09-23,18:15:00,3,Male,51
1588,25-06-23,21:29:00,4,Male,38
1953,15-05-23,17:34:00,3,Male,45
66,18-06-23,22:49:00,3,Female,45
482,12-08-23,18:57:00,3,Female,28
903,27-07-23,22:14:00,3,Female,51
1066,06-10-23,18:11:00,4,Female,45
1482,10-02-23,22:22:00,1,Female,28
1903,27-07-23,21:44:00,5,Female,51
102,17-04-23,21:34:00,5,Female,47
228,03-04-23,20:26:00,4,Female,59
236,01-04-23,22:18:00,5,Female,54
1102,21-08-23,18:04:00,5,Female,47
1228,24-06-23,21:37:00,5,Female,59
1236,09-08-23,18:19:00,4,Female,54
660,29-07-23,18:46:00,2,Female,38
884,18-02-23,20:31:00,1,Female,26
987,08-11-23,18:45:00,1,Female,30
1660,23-09-23,20:27:00,2,Female,38
1884,09-07-23,21:45:00,2,Female,26
1987,26-05-23,18:18:00,2,Female,30
18,06-09-23,19:13:00,5,Female,47
69,14-11-23,22:44:00,1,Female,56
995,04-03-23,22:38:00,4,Female,41
1018,06-07-23,19:13:00,4,Female,47
1069,13-10-23,19:05:00,2,Female,56
1995,10-12-23,22:18:00,5,Female,41
337,22-08-23,17:56:00,1,Male,38
585,06-06-23,21:49:00,3,Female,24
652,31-10-23,17:05:00,4,Female,34
1337,21-07-23,19:56:00,2,Male,38
1585,05-10-23,20:00:00,2,Female,24
1652,16-11-23,20:00:00,2,Female,34
242,01-10-23,18:28:00,1,Male,21
293,27-05-23,19:04:00,4,Male,50
460,01-05-23,23:00:00,2,Male,40
1242,27-11-23,18:32:00,5,Male,21
1293,01-07-23,18:52:00,3,Male,50
1460,25-01-23,19:42:00,4,Male,40
188,31-08-23,18:50:00,3,Male,40
357,18-05-23,18:57:00,4,Female,40
646,26-05-23,21:02:00,3,Male,38
749,26-07-23,20:33:00,2,Male,42
974,28-12-23,18:39:00,3,Male,47
1188,04-06-23,22:43:00,2,Male,40
1357,20-03-23,19:14:00,3,Female,40
1646,18-01-23,19:43:00,1,Male,38
1749,07-05-23,19:55:00,2,Male,42
1974,19-02-23,20:20:00,3,Male,47
190,25-01-23,17:56:00,2,Female,60
849,25-06-23,19:33:00,5,Male,32
853,14-05-23,22:29:00,3,Male,21
1190,29-09-23,21:00:00,4,Female,60
1849,21-07-23,22:42:00,1,Male,32
1853,29-05-23,18:39:00,2,Male,21
252,05-05-23,17:37:00,1,Male,54
606,13-06-23,20:19:00,2,Male,22
779,15-05-23,19:19:00,3,Female,56
824,25-02-23,19:10:00,3,Male,63
866,06-07-23,18:16:00,4,Male,24
1252,30-12-23,20:18:00,5,Male,54
1606,19-10-23,19:52:00,2,Male,22
1779,02-01-23,19:45:00,3,Female,56
1824,24-01-23,20:19:00,4,Male,63
1866,17-08-23,22:38:00,5,Male,24
5,05-09-23,22:10:00,3,Male,30
90,10-09-23,17:53:00,3,Female,51
380,30-08-23,22:26:00,2,Male,56
593,18-01-23,22:05:00,2,Male,35
820,17-02-23,22:49:00,1,Male,49
1005,12-08-23,20:38:00,2,Male,30
1090,18-02-23,19:54:00,4,Female,51
1380,09-02-23,19:45:00,3,Male,56
1593,24-02-23,22:39:00,5,Male,35
1820,13-05-23,21:31:00,1,Male,49
120,31-03-23,19:35:00,4,Male,60
221,27-11-23,21:01:00,3,Male,39
341,20-01-23,17:06:00,5,Male,31
640,25-12-23,20:05:00,3,Female,51
744,23-05-23,18:02:00,1,Male,40
1120,02-03-23,19:32:00,4,Male,60
1221,14-09-23,22:57:00,5,Male,39
1341,30-01-23,22:10:00,1,Male,31
1640,10-06-23,19:44:00,5,Female,51
1744,07-07-23,21:49:00,4,Male,40
273,26-09-23,20:24:00,1,Female,22
283,01-06-23,20:08:00,3,Female,18
452,30-01-23,22:41:00,4,Female,48
469,21-03-23,19:24:00,4,Male,18
620,06-11-23,20:59:00,4,Male,63
946,08-08-23,20:15:00,2,Male,62
1273,20-06-23,20:39:00,1,Female,22
1283,14-10-23,20:15:00,1,Female,18
1452,06-08-23,17:41:00,3,Female,48
1469,08-12-23,17:22:00,3,Male,18
1620,03-02-23,22:48:00,5,Male,63
1946,27-07-23,20:48:00,5,Male,62
148,03-07-23,20:39:00,5,Male,18
414,10-05-23,19:40:00,1,Male,48
883,20-08-23,20:43:00,5,Male,40
1148,11-08-23,22:04:00,2,Male,18
1414,22-11-23,21:28:00,4,Male,48
1883,20-09-23,17:54:00,3,Male,40
731,30-09-23,18:49:00,1,Male,54
930,12-01-23,17:54:00,1,Male,54
1731,19-12-23,17:41:00,3,Male,54
1930,21-12-23,19:58:00,5,Male,54
518,31-07-23,17:01:00,2,Female,40
1518,18-05-23,20:03:00,3,Female,40
758,23-04-23,18:30:00,1,Male,64
1758,22-07-23,18:19:00,3,Male,64
639,01-08-23,19:47:00,4,Female,62
838,30-09-23,21:20:00,1,Male,47
1639,20-12-23,18:13:00,5,Female,62
1838,28-06-23,17:06:00,4,Male,47
353,18-03-23,21:35:00,5,Male,31
501,28-06-23,20:21:00,2,Male,39
721,23-06-23,17:10:00,5,Female,52
1353,04-09-23,21:59:00,3,Male,31
1501,31-01-23,18:00:00,1,Male,39
1721,21-01-23,22:42:00,3,Female,52
123,11-08-23,19:00:00,3,Female,40
164,28-02-23,18:26:00,3,Female,47
425,11-06-23,18:28:00,2,Female,55
1123,11-12-23,21:04:00,1,Female,40
1164,07-04-23,20:53:00,1,Female,47
1425,02-12-23,22:15:00,1,Female,55
48,06-10-23,17:34:00,2,Male,54
118,13-03-23,20:07:00,3,Female,30
203,12-03-23,21:33:00,4,Male,56
305,22-03-23,22:09:00,4,Female,18
358,12-10-23,18:32:00,4,Female,32
376,29-01-23,18:21:00,4,Female,64
398,23-02-23,21:17:00,5,Female,48
411,25-07-23,20:04:00,3,Male,62
504,31-03-23,18:07:00,4,Female,38
970,25-05-23,18:13:00,2,Male,59
996,03-07-23,17:38:00,2,Male,62
1048,12-07-23,19:14:00,3,Male,54
1118,13-10-23,17:24:00,1,Female,30
1203,26-11-23,18:36:00,2,Male,56
1305,05-04-23,18:24:00,5,Female,18
1358,04-05-23,21:40:00,5,Female,32
1376,15-07-23,19:49:00,3,Female,64
1398,19-07-23,17:20:00,1,Female,48
1411,24-11-23,20:27:00,1,Male,62
1504,25-01-23,17:01:00,4,Female,38
1970,22-05-23,17:44:00,5,Male,59
1996,07-12-23,18:49:00,2,Male,62
81,07-06-23,22:48:00,4,Male,40
155,18-07-23,18:05:00,3,Male,31
470,26-12-23,18:58:00,4,Female,57
1081,27-06-23,22:23:00,5,Male,40
1155,03-12-23,18:22:00,3,Male,31
1470,26-06-23,19:47:00,1,Female,57
106,17-05-23,18:58:00,1,Female,46
818,29-05-23,18:56:00,4,Male,30
1106,12-08-23,17:50:00,3,Female,46
1818,20-09-23,17:29:00,4,Male,30
94,13-03-23,22:39:00,5,Female,47
811,15-04-23,18:34:00,2,Male,61
881,21-12-23,20:52:00,4,Male,22
1094,15-06-23,20:34:00,1,Female,47
1811,09-12-23,21:58:00,5,Male,61
1881,11-07-23,17:23:00,5,Male,22
403,22-04-23,19:31:00,5,Male,32
653,25-11-23,22:53:00,3,Male,54
694,30-06-23,17:47:00,3,Female,39
1403,25-03-23,18:20:00,4,Male,32
1653,23-07-23,19:34:00,2,Male,54
1694,10-01-23,19:22:00,4,Female,39
4,27-08-23,18:12:00,3,Male,37
647,01-03-23,19:53:00,5,Male,59
911,15-07-23,17:29:00,3,Male,42
1004,11-01-23,21:46:00,2,Male,37
1647,01-05-23,20:26:00,5,Male,59
1911,13-12-23,18:33:00,4,Male,42
419,31-03-23,19:18:00,5,Female,44
642,04-05-23,21:40:00,1,Female,54
843,25-01-23,22:46:00,3,Male,21
895,31-08-23,21:51:00,3,Female,55
1419,05-02-23,18:42:00,3,Female,44
1642,27-12-23,18:30:00,4,Female,54
1843,21-09-23,18:58:00,1,Male,21
1895,27-03-23,20:59:00,4,Female,55
31,31-12-23,17:47:00,3,Male,44
37,26-05-23,22:42:00,2,Female,18
72,06-12-23,19:19:00,5,Female,20
243,24-06-23,18:02:00,5,Female,47
281,18-09-23,20:09:00,4,Female,29
489,31-10-23,22:01:00,1,Male,44
491,30-12-23,21:11:00,4,Female,60
729,26-08-23,22:29:00,3,Male,29
822,16-02-23,17:39:00,3,Female,52
1031,12-11-23,21:15:00,3,Male,44
1037,17-10-23,17:38:00,2,Female,18
1072,24-02-23,18:10:00,4,Female,20
1243,08-12-23,17:11:00,4,Female,47
1281,14-03-23,19:34:00,4,Female,29
1489,28-04-23,18:30:00,2,Male,44
1491,26-05-23,22:14:00,107,Female,60
1729,22-11-23,18:55:00,82,Male,29
1822,09-09-23,17:15:00,15,Female,52
840,01-07-23,18:59:00,60,Male,62
1840,12-05-23,20:22:00,138,Male,62
404,13-02-23,19:55:00,59,Male,46
899,22-05-23,21:34:00,147,Male,26
990,29-03-23,21:45:00,68,Female,58
1404,20-08-23,18:15:00,155,Male,46
1899,03-05-23,21:03:00,51,Male,26
1990,22-11-23,17:02:00,48,Female,58
382,14-07-23,21:20:00,29,Female,53
578,05-12-23,22:42:00,68,Female,54
923,10-06-23,17:20:00,62,Male,32
1382,20-05-23,18:13:00,139,Female,53
1578,20-11-23,18:43:00,66,Female,54
1923,03-04-22,17:38:00,74,Male,32
307,11-11-22,22:54:00,32,Female,26
561,29-07-22,17:04:00,34,Female,64
651,28-09-23,21:02:00,30,Male,51
1307,29-01-22,22:11:00,68,Female,26
1561,17-09-23,19:38:00,16,Female,64
1651,04-12-22,21:29:00,155,Male,51
988,05-08-22,18:41:00,85,Female,63
1988,30-11-23,18:47:00,144,Female,63
67,19-08-23,20:19:00,119,Female,48
1067,03-10-23,17:01:00,105,Female,48
915,11-10-23,19:06:00,95,Female,26
985,13-06-23,22:33:00,113,Female,19
1915,10-07-23,22:50:00,53,Female,26
1985,31-03-23,20:15:00,113,Female,19
56,27-12-22,19:37:00,97,Female,26
159,10-11-22,21:30:00,42,Male,26
862,11-12-22,21:37:00,29,Male,28
1056,17-04-22,19:46:00,54,Female,26
1159,02-04-23,18:08:00,41,Male,26
1862,06-02-22,22:50:00,64,Male,28
315,03-07-23,18:53:00,122,Male,47
545,19-12-23,17:18:00,61,Male,27
902,14-02-22,17:16:00,108,Female,54
1315,31-08-22,20:52:00,14,Male,47
1545,15-07-23,18:21:00,16,Male,27
1902,21-12-22,17:12:00,97,Female,54
170,21-09-23,20:46:00,125,Female,25
685,04-07-23,22:15:00,90,Male,57
958,01-01-22,21:14:00,116,Male,62
1170,06-01-23,17:13:00,96,Female,25
1685,20-04-22,20:32:00,76,Male,57
1958,27-11-22,19:19:00,125,Male,62
363,23-05-22,22:51:00,92,Male,64
394,19-08-22,19:27:00,105,Female,27
537,01-10-23,18:07:00,98,Female,21
1363,04-07-23,20:27:00,33,Male,64
1394,17-04-22,20:06:00,14,Female,27
1537,29-11-22,17:57:00,116,Female,21
387,26-01-23,21:58:00,118,Male,44
556,05-02-22,17:37:00,42,Female,18
782,13-04-22,21:51:00,71,Male,59
906,19-07-22,17:55:00,6,Female,20
1387,26-07-22,17:48:00,37,Male,44
1556,17-05-23,19:13:00,35,Female,18
1782,07-04-23,20:23:00,116,Male,59
1906,01-10-22,20:10:00,58,Female,20
560,23-10-23,22:51:00,7,Female,25
944,23-08-22,20:22:00,136,Male,44
1560,13-11-22,17:16:00,91,Female,25
1944,18-07-23,21:08:00,63,Male,44
481,13-07-23,17:12:00,48,Female,43
867,24-07-22,22:40:00,152,Male,21
882,22-10-23,21:41:00,144,Female,64
961,22-03-23,22:36:00,86,Male,53
1481,09-11-23,17:22:00,20,Female,43
1867,16-05-23,19:55:00,144,Male,21
1882,21-06-23,20:56:00,15,Female,64
1961,15-05-22,21:17:00,95,Male,53
187,20-02-22,20:19:00,88,Female,64
446,02-11-22,19:57:00,104,Male,21
1187,07-07-23,17:05:00,52,Female,64
1446,23-01-22,18:55:00,155,Male,21
539,30-11-23,18:13:00,135,Male,25
587,04-09-23,19:00:00,91,Female,40
1539,06-12-22,21:52:00,96,Male,25
1587,05-11-22,20:06:00,140,Female,40
212,12-10-23,18:13:00,105,Male,21
765,16-10-22,19:03:00,77,Male,43
769,09-09-22,18:57:00,18,Female,31
1212,16-03-22,18:05:00,142,Male,21
1765,18-10-22,22:49:00,13,Male,43
1769,08-10-23,22:50:00,116,Female,31
321,24-09-23,19:53:00,30,Female,26
356,27-08-23,18:35:00,71,Male,50
510,29-05-23,17:04:00,14,Female,39
534,27-04-23,22:30:00,112,Male,45
1321,23-04-23,22:54:00,155,Female,26
1356,18-12-23,21:31:00,11,Male,50
1510,20-11-22,18:21:00,124,Female,39
1534,13-06-22,19:44:00,72,Male,45
104,09-06-22,22:58:00,129,Female,34
110,18-11-22,17:28:00,149,Male,27
352,28-07-23,17:55:00,54,Male,57
365,23-02-23,22:12:00,151,Male,31
887,24-02-22,19:20:00,44,Male,59
1104,11-07-22,20:13:00,70,Female,34
1110,26-10-22,19:14:00,62,Male,27
1352,19-10-23,17:40:00,14,Male,57
1365,08-11-23,20:22:00,18,Male,31
1887,11-12-23,19:34:00,113,Male,59
629,05-01-23,19:55:00,39,Male,62
1629,17-02-22,20:18:00,144,Male,62
655,31-10-22,18:43:00,19,Female,55
1655,28-05-23,17:57:00,8,Female,55
567,08-05-23,19:53:00,5,Female,25
1567,07-04-23,17:10:00,76,Female,25
182,21-06-23,19:27:00,27,Male,62
819,15-08-23,21:59:00,111,Female,35
1182,03-01-23,21:26:00,14,Male,62
1819,05-11-22,20:44:00,83,Female,35
100,08-02-22,19:34:00,21,Male,41
833,09-05-23,18:39:00,85,Male,42
1100,20-01-23,18:15:00,136,Male,41
1833,30-01-22,17:20:00,56,Male,42
542,01-06-23,18:41:00,50,Female,20
723,14-07-22,21:57:00,120,Female,54
726,05-06-22,19:37:00,72,Male,47
1542,17-05-23,20:30:00,147,Female,20
1723,10-02-22,17:43:00,40,Female,54
1726,26-06-23,18:12:00,13,Male,47
488,05-07-22,17:28:00,26,Female,51
1488,12-11-22,19:24:00,9,Female,51
239,19-09-22,19:34:00,1,Male,38
498,22-03-22,22:20:00,41,Female,50
532,15-08-22,18:04:00,92,Female,64
669,23-01-22,20:24:00,110,Male,24
877,01-10-22,19:52:00,134,Female,58
1239,08-07-22,20:42:00,134,Male,38
1498,29-08-22,17:08:00,51,Female,50
1532,23-03-22,22:48:00,51,Female,64
1669,04-08-22,22:28:00,83,Male,24
1877,25-01-23,20:19:00,72,Female,58
422,21-08-22,22:34:00,67,Female,28
466,11-01-23,21:52:00,66,Male,63
1422,07-05-22,20:41:00,35,Female,28
1466,16-01-23,22:27:00,64,Male,63
583,28-01-22,19:44:00,131,Female,24
654,14-08-23,17:40:00,92,Male,42
1583,12-11-23,22:54:00,102,Female,24
1654,13-10-23,20:47:00,111,Male,42
40,07-06-22,21:33:00,78,Male,45
699,21-11-22,22:21:00,129,Female,37
727,15-11-23,18:37:00,32,Male,55
830,29-09-22,20:19:00,77,Female,64
1040,12-12-23,21:24:00,112,Male,45
1699,29-07-23,21:45:00,23,Female,37
1727,08-08-23,21:06:00,72,Male,55
1830,04-03-23,18:04:00,87,Female,64
224,11-11-22,21:32:00,99,Female,25
271,12-09-23,18:23:00,44,Female,62
1224,20-01-22,17:10:00,103,Female,25
1271,19-01-22,19:31:00,27,Female,62
36,22-02-23,22:06:00,40,Male,52
157,15-05-22,21:59:00,98,Male,62
796,01-10-22,19:50:00,38,Male,43
839,11-11-23,21:02:00,130,Female,20
927,21-02-22,17:13:00,83,Male,43
1036,17-08-22,18:03:00,121,Male,52
1157,23-12-22,21:24:00,81,Male,62
1796,12-11-23,18:36:00,69,Male,43
1839,28-08-22,21:57:00,92,Female,20
1927,06-09-23,19:44:00,46,Male,43
407,16-07-22,22:17:00,117,Female,46
1407,10-04-22,19:41:00,54,Female,46
46,08-11-22,17:50:00,54,Female,20
509,10-07-23,19:35:00,70,Female,37
874,17-01-22,18:14:00,90,Male,60
1046,21-07-23,21:47:00,5,Female,20
1509,25-11-22,20:40:00,67,Female,37
1874,14-05-22,20:58:00,126,Male,60
788,20-06-22,18:54:00,90,Female,52
1788,03-05-22,20:35:00,98,Female,52
378,03-11-22,18:16:00,81,Male,50
1378,28-04-22,21:56:00,27,Male,50
480,22-12-22,22:12:00,126,Female,42
492,16-12-23,17:52:00,4,Male,61
737,23-03-23,21:11:00,26,Female,33
1480,26-11-23,18:05:00,3,Female,42
1492,26-08-23,22:09:00,146,Male,61
1737,14-11-22,22:32:00,40,Female,33
684,20-06-23,18:02:00,54,Female,28
878,26-10-23,18:53:00,31,Female,20
1684,23-01-23,21:40:00,43,Female,28
1878,24-01-23,22:56:00,97,Female,20
78,17-02-23,21:08:00,68,Female,47
260,19-01-23,21:09:00,107,Male,28
455,21-11-23,19:15:00,134,Male,31
837,15-01-23,20:35:00,53,Male,18
1078,04-05-23,22:20:00,16,Female,47
1260,19-07-23,17:26:00,117,Male,28
1455,27-08-22,21:35:00,32,Male,31
1837,29-03-23,20:45:00,32,Male,18
45,20-03-22,18:27:00,121,Female,55
449,03-01-22,18:28:00,58,Male,25
1045,26-02-22,17:28:00,110,Female,55
1449,26-04-22,18:42:00,12,Male,25
904,01-04-22,20:26:00,43,Male,28
1904,25-11-22,19:41:00,117,Male,28
59,14-11-22,18:28:00,61,Male,62
128,21-12-22,22:22:00,77,Male,25
186,31-03-22,18:15:00,92,Male,20
802,22-09-23,18:00:00,57,Female,46
1059,12-07-22,22:05:00,89,Male,62
1128,04-01-22,17:35:00,60,Male,25
1186,10-09-23,18:24:00,5,Male,20
1802,13-07-22,22:17:00,33,Female,46
75,15-05-23,20:51:00,110,Male,61
447,18-04-23,17:57:00,37,Male,22
528,11-12-23,21:51:00,102,Female,36
1075,14-09-22,19:17:00,92,Male,61
1447,30-05-22,22:21:00,137,Male,22
1528,06-07-23,19:44:00,126,Female,36
759,23-05-23,21:21:00,75,Male,49
870,11-04-22,19:41:00,16,Female,46
1759,03-11-22,17:27:00,102,Male,49
1870,09-11-23,20:38:00,119,Female,46
77,07-04-22,20:45:00,44,Female,47
381,30-01-22,19:05:00,63,Female,44
439,06-05-22,21:46:00,42,Male,50
792,04-01-23,22:50:00,4,Female,20
1077,16-12-22,18:45:00,141,Female,47
1381,26-10-22,17:26:00,48,Female,44
1439,18-11-23,20:53:00,76,Male,50
1792,26-08-23,17:37:00,88,Female,20
176,26-05-23,18:15:00,53,Female,43
216,04-11-22,17:28:00,141,Male,62
1176,04-01-23,20:33:00,34,Female,43
1216,01-03-23,22:53:00,23,Male,62
772,14-04-23,21:47:00,25,Male,26
1772,03-02-22,19:06:00,59,Male,26
53,06-01-22,17:57:00,32,Male,34
1053,10-02-23,21:13:00,40,Male,34
43,18-03-23,21:42:00,118,Female,48
71,16-02-23,19:11:00,32,Female,51
93,25-01-22,20:52:00,148,Female,35
302,09-02-23,17:51:00,26,Male,57
551,21-03-23,22:45:00,99,Male,45
681,04-08-23,22:12:00,24,Female,43
722,24-02-23,18:35:00,25,Male,20
728,02-06-22,19:35:00,78,Male,51
829,24-03-22,21:31:00,52,Male,61
955,16-01-22,17:57:00,16,Male,58
1043,30-11-23,18:10:00,20,Female,48
1071,21-09-23,17:38:00,155,Female,51
1093,06-11-23,17:26:00,87,Female,35
1302,21-12-22,17:55:00,20,Male,57
1551,12-11-23,22:36:00,84,Male,45
1681,09-11-22,19:32:00,53,Female,43
1722,30-01-22,20:38:00,22,Male,20
1728,23-05-23,22:30:00,77,Male,51
1829,30-05-22,22:37:00,58,Male,61
1955,15-09-22,21:11:00,134,Male,58
144,26-03-22,22:18:00,119,Female,59
474,08-05-22,17:57:00,145,Female,26
1144,30-12-22,21:27:00,148,Female,59
1474,15-05-22,20:49:00,84,Female,26
603,18-04-22,20:17:00,95,Female,40
661,05-08-22,22:09:00,10,Female,44
1603,04-12-23,20:50:00,132,Female,40
1661,07-07-23,19:18:00,20,Female,44
143,11-02-23,22:20:00,118,Female,45
515,13-02-22,20:47:00,71,Female,49
1143,01-05-23,21:10:00,23,Female,45
1515,04-02-23,21:49:00,107,Female,49
304,23-03-23,18:35:00,59,Female,37
676,10-07-23,22:13:00,80,Male,63
686,06-01-22,17:14:00,68,Female,28
698,17-03-22,20:56:00,116,Female,64
1304,26-09-22,22:19:00,4,Female,37
1676,21-09-23,20:22:00,91,Male,63
1686,10-12-23,20:41:00,151,Female,28
1698,07-04-22,21:50:00,146,Female,64
709,22-09-22,22:32:00,61,Female,19
1709,13-09-23,20:22:00,97,Female,19
114,17-04-22,20:57:00,92,Female,22
359,15-12-22,21:49:00,122,Male,50
1114,18-08-22,22:19:00,100,Female,22
1359,17-05-22,22:21:00,55,Male,50
773,14-01-23,19:10:00,3,Male,25
1773,12-12-23,18:50:00,80,Male,25
127,20-05-23,19:37:00,40,Female,33
213,13-08-23,20:48:00,113,Male,27
487,09-04-23,21:03:00,36,Male,44
495,24-06-22,21:06:00,131,Male,24
605,19-10-23,22:24:00,76,Male,37
1127,15-03-22,19:26:00,87,Female,33
1213,21-06-23,17:23:00,41,Male,27
1487,01-02-23,19:01:00,131,Male,44
1495,14-03-23,22:37:00,113,Male,24
1605,24-01-22,19:39:00,2,Male,37
105,18-06-23,18:05:00,82,Female,22
299,25-01-23,20:03:00,76,Male,61
934,22-11-22,18:20:00,111,Male,30
1105,12-11-22,19:09:00,19,Female,22
1299,08-05-22,18:58:00,11,Male,61
1934,08-09-22,17:06:00,69,Male,30
270,17-12-22,17:46:00,84,Male,43
338,05-02-22,21:26:00,44,Male,54
543,16-04-22,20:30:00,121,Male,49
1270,25-08-22,22:54:00,84,Male,43
1338,25-01-22,19:55:00,31,Male,54
1543,03-10-22,22:40:00,73,Male,49
557,27-09-23,20:01:00,155,Female,20
702,03-03-23,17:18:00,66,Female,60
864,31-07-23,22:16:00,139,Female,51
1557,04-08-22,17:01:00,14,Female,20
1702,31-07-23,21:54:00,102,Female,60
1864,30-04-23,21:00:00,112,Female,51
254,14-12-22,22:45:00,104,Male,41
295,01-02-22,20:23:00,80,Female,27
457,28-11-22,22:49:00,38,Female,58
668,17-06-22,20:33:00,135,Female,62
850,14-09-23,19:01:00,58,Female,26
1254,12-04-23,18:24:00,86,Male,41
1295,04-11-23,19:28:00,86,Female,27
1457,25-03-23,21:31:00,140,Female,58
1668,13-03-23,21:40:00,132,Female,62
1850,16-02-22,20:44:00,154,Female,26
541,25-12-22,18:37:00,39,Male,56
980,14-10-22,19:51:00,147,Female,31
1541,02-10-23,22:17:00,57,Male,56
1980,23-08-23,20:30:00,112,Female,31
262,15-09-23,20:33:00,30,Female,32
467,24-01-22,22:39:00,151,Female,53
1262,13-08-22,20:33:00,127,Female,32
1467,13-08-23,19:31:00,89,Female,53
463,29-01-23,20:22:00,55,Female,54
1463,29-07-22,19:45:00,98,Female,54
598,23-06-22,17:02:00,7,Male,37
667,01-12-22,18:46:00,22,Female,29
672,17-02-22,19:44:00,1,Female,34
1598,15-01-23,19:17:00,126,Male,37
1667,04-07-22,19:09:00,40,Female,29
1672,28-03-23,22:34:00,87,Female,34
949,20-06-23,20:28:00,21,Female,41
1949,11-11-22,20:24:00,105,Female,41
27,14-12-23,19:44:00,39,Female,38
347,26-03-22,19:31:00,26,Male,42
687,27-06-22,17:14:00,86,Female,53
1027,30-04-22,21:00:00,131,Female,38
1347,21-11-23,21:55:00,7,Male,42
1687,17-02-23,22:27:00,102,Female,53
549,03-11-22,19:39:00,114,Female,50
675,19-07-23,18:10:00,26,Female,45
730,20-02-22,19:38:00,131,Female,36
798,20-01-23,21:19:00,73,Male,61
1549,15-11-23,19:25:00,109,Female,50
1675,17-05-22,19:55:00,152,Female,45
1730,14-08-23,19:17:00,116,Female,36
1798,18-07-23,20:26:00,96,Male,61
13,08-02-23,17:43:00,106,Male,22
35,29-10-22,17:30:00,122,Female,58
140,07-07-22,20:20:00,61,Male,38
206,02-09-22,18:18:00,31,Male,61
261,06-02-22,17:48:00,16,Male,21
279,10-08-23,17:29:00,38,Male,50
308,31-03-22,19:12:00,130,Female,34
418,01-04-22,18:05:00,95,Female,60
1013,16-07-22,19:38:00,111,Male,22
1035,26-04-23,21:56:00,52,Female,58
1140,22-05-22,19:26:00,154,Male,38
1206,14-05-23,19:45:00,68,Male,61
1261,27-09-22,21:19:00,116,Male,21
1279,21-04-22,22:55:00,116,Male,50
1308,19-06-23,22:39:00,91,Female,34
1418,17-09-22,18:19:00,68,Female,60
612,23-02-22,19:06:00,77,Female,61
875,30-11-23,21:47:00,134,Female,51
1612,18-12-22,21:14:00,140,Female,61
1875,03-06-22,22:42:00,141,Female,51
430,23-05-23,18:36:00,100,Female,43
633,06-07-23,22:20:00,35,Male,39
1430,31-10-23,18:25:00,22,Female,43
1633,31-12-22,18:18:00,152,Male,39
125,28-09-22,18:48:00,137,Male,48
716,13-08-23,19:51:00,137,Female,60
790,13-04-23,20:47:00,29,Male,62
960,29-03-23,19:01:00,134,Male,59
1125,12-11-23,17:51:00,79,Male,48
1716,12-02-22,19:16:00,39,Female,60
1790,14-05-23,20:52:00,147,Male,62
1960,29-06-22,22:04:00,67,Male,59
259,11-03-23,20:26:00,93,Female,45
443,19-09-23,20:25:00,98,Male,29
529,29-11-22,17:43:00,46,Female,35
563,21-12-22,18:40:00,150,Male,20
1259,03-11-22,17:31:00,105,Female,45
1443,18-06-22,19:37:00,81,Male,29
1529,17-09-22,22:38:00,105,Female,35
1563,13-10-22,17:44:00,22,Male,20
801,01-12-22,17:14:00,153,Male,21
1801,10-07-22,22:01:00,148,Male,21
160,20-07-22,17:08:00,127,Female,43
508,05-07-23,22:52:00,32,Male,58
807,26-01-23,19:49:00,91,Female,50
1160,20-08-23,19:20:00,105,Female,43
1508,08-04-22,20:32:00,90,Male,58
1807,04-08-22,22:15:00,19,Female,50
511,23-12-23,18:19:00,146,Male,45
521,28-10-23,19:56:00,133,Female,47
695,03-04-22,22:12:00,52,Female,22
816,27-09-23,19:29:00,133,Male,47
1511,09-04-22,21:36:00,45,Male,45
1521,23-07-23,19:08:00,30,Female,47
1695,21-09-23,20:51:00,85,Female,22
1816,17-06-22,22:30:00,52,Male,47
217,02-05-22,17:01:00,17,Female,35
384,10-04-22,19:53:00,127,Male,55
1217,16-10-23,19:28:00,70,Female,35
1384,17-12-23,20:23:00,106,Male,55
648,23-02-23,18:13:00,41,Male,53
926,06-10-23,22:53:00,53,Male,22
1648,10-07-23,17:18:00,16,Male,53
1926,07-08-23,20:22:00,74,Male,22
285,01-12-23,18:14:00,107,Female,31
427,16-11-23,21:26:00,120,Male,25
569,29-04-22,20:49:00,132,Male,52
570,09-06-22,22:53:00,91,Male,49
630,21-03-23,17:29:00,94,Male,42
957,19-06-23,19:00:00,105,Female,60
1285,01-06-23,21:55:00,130,Female,31
1427,15-07-23,18:36:00,92,Male,25
1569,30-11-23,21:07:00,35,Male,52
1570,15-06-23,22:32:00,109,Male,49
1630,22-05-22,17:22:00,95,Male,42
1957,25-10-22,19:00:00,75,Female,60
635,04-12-22,21:03:00,89,Female,63
1635,17-04-23,18:08:00,36,Female,63
29,08-03-22,20:10:00,31,Female,42
277,03-07-23,22:10:00,139,Male,36
859,20-09-22,21:52:00,46,Female,56
1029,18-07-23,19:23:00,117,Female,42
1277,17-10-23,21:20:00,80,Male,36
1859,14-09-22,20:58:00,32,Female,56
638,10-01-23,19:52:00,154,Male,46
823,03-12-23,17:42:00,66,Female,56
956,24-04-23,21:50:00,140,Male,30
981,05-02-22,21:08:00,5,Female,30
1638,13-08-22,18:26:00,37,Male,46
1823,08-11-22,22:28:00,58,Female,56
1956,01-06-23,20:40:00,62,Male,30
1981,05-06-22,22:50:00,19,Female,30
219,16-09-23,22:34:00,79,Female,53
1219,02-11-22,21:47:00,149,Female,53
73,14-01-22,21:47:00,42,Male,29
162,11-04-23,19:37:00,118,Male,39
306,04-01-22,22:05:00,148,Male,54
725,21-09-23,20:32:00,2,Male,61
880,26-09-23,20:13:00,63,Male,22
992,15-10-23,19:34:00,134,Female,57
1073,21-02-22,18:16:00,82,Male,29
1162,13-07-22,17:08:00,101,Male,39
1306,11-11-23,20:57:00,122,Male,54
1725,16-05-22,21:02:00,109,Male,61
1880,14-06-23,20:03:00,37,Male,22
1992,19-05-23,21:35:00,70,Female,57
597,01-11-22,19:29:00,84,Male,22
622,16-10-22,22:00:00,155,Female,49
1597,28-08-23,18:21:00,32,Male,22
1622,22-04-23,21:28:00,54,Female,49
116,22-06-23,20:04:00,58,Female,23
364,07-06-22,19:06:00,98,Female,19
368,31-01-23,21:11:00,90,Female,56
1116,15-08-22,22:26:00,145,Female,23
1364,23-09-23,17:04:00,72,Female,19
1368,08-03-22,21:29:00,145,Female,56
50,29-03-22,18:51:00,71,Female,27
479,03-11-22,21:35:00,90,Male,52
804,11-12-23,17:12:00,99,Male,42
1050,10-12-22,20:15:00,24,Female,27
1479,31-05-22,22:24:00,108,Male,52
1804,10-01-23,22:46:00,74,Male,42
92,21-03-22,19:41:00,10,Female,51
282,05-10-23,17:39:00,10,Female,64
718,02-11-23,20:25:00,154,Female,59
1092,03-05-22,20:15:00,58,Female,51
1282,20-02-23,20:05:00,23,Female,64
1718,25-10-23,19:03:00,20,Female,59
617,06-08-22,19:12:00,30,Male,34
624,05-02-22,19:08:00,48,Female,34
825,08-01-22,17:27:00,51,Female,46
1617,01-05-22,17:09:00,77,Male,34
1624,18-11-22,20:48:00,121,Female,34
1825,30-08-23,18:34:00,105,Female,46
568,11-08-23,20:03:00,32,Female,51
671,23-09-23,19:51:00,2,Male,62
756,17-07-23,20:33:00,4,Female,62
815,05-04-23,21:15:00,139,Female,51
1568,09-10-22,22:34:00,51,Female,51
1671,28-02-23,20:55:00,47,Male,62
1756,12-05-22,22:16:00,119,Female,62
1815,24-05-23,22:19:00,6,Female,51
146,10-11-22,22:01:00,74,Male,38
263,04-05-22,21:48:00,133,Male,23
704,11-09-23,22:40:00,141,Female,62
1146,09-10-23,21:11:00,52,Male,38
1263,07-09-22,20:49:00,47,Male,23
1704,16-09-22,20:07:00,155,Female,62
476,12-12-23,18:31:00,131,Female,27
733,25-10-22,21:07:00,143,Male,34
924,17-09-22,22:18:00,151,Male,55
984,20-11-23,19:29:00,83,Male,56
1476,11-11-22,22:27:00,130,Female,27
1733,03-09-23,20:52:00,146,Male,34
1924,28-11-22,22:25:00,107,Male,55
1984,09-09-23,20:10:00,126,Male,56
251,15-09-22,21:00:00,141,Female,57
253,30-09-22,21:26:00,66,Female,53
574,17-09-23,20:12:00,24,Female,63
751,08-11-23,19:58:00,115,Female,42
871,02-11-23,23:00:00,57,Male,62
1251,11-09-22,21:08:00,137,Female,57
1253,03-12-23,19:58:00,108,Female,53
1574,26-10-22,21:51:00,150,Female,63
1751,27-12-23,22:09:00,99,Female,42
1871,26-09-22,18:39:00,41,Male,62
200,09-10-22,22:29:00,130,Male,27
594,07-09-23,21:49:00,72,Female,19
637,02-12-22,18:54:00,21,Male,43
855,21-11-22,19:43:00,13,Male,54
1200,18-10-23,19:04:00,20,Male,27
1594,01-10-23,19:02:00,31,Female,19
1637,25-10-22,20:50:00,97,Male,43
1855,27-12-23,21:15:00,44,Male,54
325,16-09-23,22:02:00,6,Female,52
682,23-10-23,20:51:00,60,Male,46
931,07-10-23,21:34:00,48,Male,30
1325,11-10-22,19:47:00,18,Female,52
1682,30-12-22,19:30:00,71,Male,46
1931,01-12-22,19:15:00,61,Male,30
925,20-12-22,17:12:00,54,Male,25
1925,21-12-23,17:05:00,81,Male,25
297,12-09-22,21:09:00,70,Female,40
1297,20-10-23,22:32:00,21,Female,40
814,01-10-22,20:33:00,96,Female,59
894,22-09-22,22:53:00,111,Male,52
1814,07-09-22,17:53:00,43,Female,59
1894,29-12-23,18:11:00,92,Male,52
194,11-10-23,19:27:00,116,Male,55
245,01-12-23,21:41:00,75,Male,47
296,31-12-22,22:44:00,73,Female,22
644,13-10-22,21:49:00,107,Male,23
696,09-10-23,18:05:00,24,Female,50
1194,09-10-23,22:06:00,130,Male,55
1245,25-10-22,20:47:00,129,Male,47
1296,26-11-22,20:42:00,45,Female,22
1644,11-09-22,19:32:00,124,Male,23
1696,21-11-22,17:59:00,24,Female,50
312,31-10-22,18:08:00,18,Male,41
692,30-09-22,19:48:00,110,Female,64
835,30-09-22,23:00:00,49,Male,37
1312,03-12-22,17:28:00,73,Male,41
1692,11-10-23,19:50:00,103,Female,64
1835,18-09-22,20:58:00,98,Male,37
183,01-09-22,19:22:00,28,Female,43
413,28-11-23,21:52:00,60,Female,44
799,01-10-23,19:44:00,86,Male,56
851,30-11-23,17:23:00,30,Male,32
1183,28-12-22,17:10:00,54,Female,43
1413,12-11-23,19:33:00,104,Female,44
1799,01-10-23,19:09:00,132,Male,56
1851,10-09-22,21:36:00,87,Male,32
858,08-09-23,18:48:00,85,Male,23
919,28-10-23,21:13:00,82,Female,22
935,10-09-22,21:16:00,2,Female,34
1858,14-09-23,20:47:00,49,Male,23
1919,25-10-22,17:54:00,78,Female,22
1935,16-12-22,22:40:00,96,Female,34
132,22-11-23,20:34:00,86,Male,42
1132,07-11-23,17:27:00,14,Male,42
604,16-09-22,19:34:00,139,Female,29
832,13-11-22,17:25:00,106,Male,47
1604,29-12-22,18:43:00,2,Female,29
1832,10-11-23,21:17:00,57,Male,47
113,08-10-22,19:14:00,72,Female,41
1113,08-12-23,17:41:00,141,Female,41
165,24-09-22,19:01:00,75,Female,60
1165,01-12-23,17:04:00,29,Female,60
326,23-11-23,19:51:00,108,Female,18
1326,01-09-23,22:35:00,66,Female,18
19,26-11-23,19:39:00,30,Female,62
412,04-09-22,19:36:00,30,Female,19
632,25-10-23,20:13:00,78,Female,26
1019,14-12-23,21:22:00,56,Female,62
1412,13-10-22,19:59:00,75,Female,19
1632,19-10-22,18:16:00,29,Female,26
167,21-09-23,20:58:00,73,Female,43
172,21-10-22,18:09:00,52,Male,32
375,22-09-23,17:32:00,25,Male,32
538,22-12-23,18:20:00,102,Male,18
794,02-11-22,21:47:00,145,Female,60
1167,29-09-23,21:21:00,9,Female,43
1172,19-10-22,21:12:00,150,Male,32
1375,01-10-22,17:50:00,79,Male,32
1538,12-09-22,20:57:00,21,Male,18
1794,22-12-22,19:40:00,26,Female,60
131,29-09-23,22:32:00,44,Female,21
330,11-10-22,20:18:00,116,Female,25
494,25-09-23,20:18:00,140,Female,42
1131,31-12-22,19:16:00,130,Female,21
1330,24-11-23,17:49:00,20,Female,25
1494,23-10-22,19:29:00,74,Female,42
513,21-10-22,18:31:00,85,Male,24
573,19-09-23,22:59:00,78,Male,49
1513,01-10-22,21:47:00,19,Male,24
1573,13-10-22,21:45:00,148,Male,49
241,19-12-23,20:21:00,108,Female,23
579,06-10-23,17:43:00,41,Female,38
1241,10-09-23,17:28:00,26,Female,23
1579,28-09-23,17:38:00,119,Female,38
218,24-11-22,20:39:00,144,Male,64
846,22-12-23,18:46:00,13,Male,42
1218,25-10-23,22:11:00,30,Male,64
1846,16-11-23,17:51:00,83,Male,42
616,31-12-22,19:18:00,122,Male,41
1616,22-09-22,18:41:00,121,Male,41
523,13-11-23,19:18:00,110,Female,62
643,05-10-22,22:26:00,63,Female,28
1523,31-12-23,20:40:00,150,Female,62
1643,17-10-23,21:47:00,12,Female,28
351,11-11-23,22:16:00,38,Female,56
809,14-12-22,22:51:00,124,Female,62
954,05-09-23,21:03:00,87,Female,50
1351,02-10-22,20:58:00,88,Female,56
1809,16-10-23,18:09:00,51,Female,62
1954,29-10-23,17:30:00,93,Female,50
897,12-09-23,17:53:00,15,Female,64
1897,27-10-23,17:12:00,137,Female,64
147,12-11-22,20:30:00,101,Male,23
204,10-09-22,21:04:00,101,Male,39
390,07-10-22,20:53:00,88,Male,39
1147,25-11-23,22:14:00,35,Male,23
1204,10-12-23,19:24:00,72,Male,39
1390,24-10-22,22:47:00,117,Male,39
179,07-10-23,20:42:00,121,Male,31
327,13-09-23,18:30:00,107,Male,57
626,30-10-22,21:01:00,65,Female,26
873,06-12-23,20:20:00,137,Female,27
1179,12-12-23,17:28:00,122,Male,31
1327,23-12-23,21:16:00,118,Male,57
1626,10-10-22,19:13:00,19,Female,26
1873,24-11-22,19:18:00,64,Female,27
196,29-12-23,19:14:00,43,Female,32
789,06-12-23,22:13:00,34,Female,61
1196,31-12-22,21:18:00,93,Female,32
1789,10-11-23,17:02:00,144,Female,61
89,30-12-23,21:15:00,117,Female,55
707,23-10-23,20:34:00,117,Female,26
909,29-10-23,19:43:00,71,Male,26
1089,21-10-23,18:44:00,108,Female,55
1707,17-09-23,18:35:00,144,Female,26
1909,22-10-22,19:41:00,17,Male,26
51,12-10-22,22:09:00,78,Male,27
154,24-12-22,17:47:00,24,Male,51
276,18-10-23,21:27:00,40,Female,21
497,31-12-23,18:11:00,127,Male,41
889,20-09-23,22:32:00,39,Female,35
1051,13-09-23,17:47:00,104,Male,27
1154,16-12-23,21:44:00,29,Male,51
1276,11-10-22,18:54:00,140,Female,21
1497,19-11-22,21:44:00,109,Male,41
1889,02-09-22,22:48:00,80,Female,35
122,01-12-23,19:02:00,1,Male,64
373,23-09-22,22:19:00,78,Female,25
524,17-09-23,19:52:00,12,Male,46
688,28-10-23,21:45:00,132,Male,56
813,15-10-22,19:51:00,125,Male,52
1122,07-09-22,19:53:00,138,Male,64
1373,02-10-23,20:26:00,64,Female,25
1524,26-10-22,22:10:00,115,Male,46
1688,17-12-22,17:25:00,150,Male,56
1813,22-11-22,22:24:00,86,Male,52
178,11-10-23,17:51:00,142,Male,40
208,21-10-23,20:56:00,144,Female,34
247,23-12-22,17:56:00,82,Male,41
290,08-12-23,21:39:00,86,Female,30
656,12-11-23,20:58:00,27,Male,29
735,26-11-22,21:38:00,153,Female,64
1178,29-12-23,21:15:00,137,Male,40
1208,15-10-22,17:44:00,9,Female,34
1247,02-09-23,18:17:00,78,Male,41
1290,30-12-22,22:40:00,66,Female,30
1656,16-09-23,20:03:00,141,Male,29
1735,05-09-23,17:26:00,86,Female,64
319,07-11-22,18:50:00,145,Male,31
670,29-09-23,17:24:00,59,Male,27
1319,25-11-23,17:17:00,76,Male,31
1670,24-10-23,21:32:00,58,Male,27
385,20-11-22,19:06:00,127,Male,50
1385,07-11-23,19:22:00,55,Male,50
10,24-10-22,22:55:00,81,Female,52
26,14-10-23,17:54:00,51,Female,28
437,26-11-23,18:53:00,56,Female,35
689,16-10-22,20:17:00,55,Male,57
1010,21-10-22,22:11:00,65,Female,52
1026,24-11-22,19:10:00,60,Female,28
1437,04-09-23,19:19:00,76,Female,35
1689,19-12-23,20:54:00,114,Male,57
558,26-10-23,17:47:00,108,Female,41
634,10-10-22,19:25:00,68,Male,60
1558,22-12-22,20:37:00,91,Female,41
1634,03-11-23,17:18:00,90,Male,60
201,13-10-22,19:08:00,105,Male,56
286,05-10-22,22:56:00,92,Male,55
876,03-10-23,19:39:00,104,Male,43
1201,31-10-23,17:28:00,115,Male,56
1286,26-12-22,17:23:00,111,Male,55
1876,05-11-23,19:53:00,68,Male,43
55,28-09-23,20:32:00,57,Male,31
428,02-12-22,22:44:00,50,Female,40
441,06-11-23,22:00:00,85,Male,57
976,08-10-23,19:50:00,56,Female,48
1055,23-10-22,21:35:00,97,Male,31
1428,09-09-23,18:44:00,96,Female,40
1441,04-10-23,21:38:00,63,Male,57
1976,15-10-23,21:10:00,108,Female,48
149,14-10-23,17:52:00,73,Male,22
227,15-11-23,19:19:00,87,Male,36
393,19-10-22,18:52:00,85,Female,22
401,03-12-23,19:03:00,51,Female,62
546,30-12-22,22:32:00,57,Female,36
872,10-12-23,22:18:00,113,Female,63
914,07-09-22,22:25:00,83,Female,59
1149,14-09-23,19:23:00,98,Male,22
1227,01-10-23,20:09:00,103,Male,36
1393,08-10-22,17:24:00,56,Female,22
1401,01-10-22,21:20:00,85,Female,62
1546,18-12-22,19:06:00,93,Female,36
1872,22-11-22,17:02:00,57,Female,63
1914,05-11-23,17:49:00,70,Female,59
310,10-11-22,21:34:00,76,Female,28
844,09-10-23,17:54:00,95,Male,35
852,01-10-22,19:35:00,82,Female,41
1310,29-10-22,21:31:00,74,Female,28
1844,25-10-22,20:30:00,70,Male,35
1852,11-10-23,18:09:00,109,Female,41
97,26-11-22,18:17:00,112,Female,51
619,09-10-23,18:10:00,56,Male,47
948,10-12-23,22:06:00,52,Female,23
1097,26-12-22,20:53:00,86,Female,51
1619,20-10-22,18:07:00,61,Male,47
1948,17-09-23,21:09:00,100,Female,23
456,15-12-23,19:45:00,51,Male,57
627,24-10-22,18:14:00,79,Male,57
1456,02-09-22,18:49:00,85,Male,57
1627,18-11-22,17:21:00,84,Male,57
22,25-11-23,17:11:00,66,Male,18
121,07-10-23,18:57:00,110,Female,28
431,29-10-22,22:02:00,99,Male,63
1022,05-09-23,17:49:00,69,Male,18
1121,23-11-22,21:10:00,95,Female,28
1431,28-09-23,21:28:00,114,Male,63
370,24-10-23,21:04:00,61,Male,23
711,23-09-23,22:26:00,103,Male,26
754,26-09-23,18:40:00,90,Female,43
943,05-11-22,19:29:00,90,Female,57
1370,04-11-22,22:51:00,90,Male,23
1711,22-09-23,20:33:00,113,Male,26
1754,01-12-22,21:03:00,107,Female,43
1943,17-11-23,21:00:00,108,Female,57
350,20-11-22,17:41:00,61,Male,25
786,16-12-22,20:38:00,78,Male,48
1350,08-11-23,22:02:00,93,Male,25
1786,27-09-22,21:26:00,69,Male,48
109,06-09-23,19:57:00,94,Female,34
191,22-12-23,21:24:00,71,Male,64
1109,13-12-23,22:13:00,114,Female,34
1191,25-09-23,17:20:00,88,Male,64
340,19-09-23,22:59:00,54,Female,36
555,14-12-22,19:35:00,103,Male,25
826,24-12-22,19:08:00,81,Female,46
962,15-12-23,22:02:00,76,Male,44
1340,30-10-23,20:55:00,92,Female,36
1555,19-12-22,18:54:00,55,Male,25
1826,30-12-22,22:05:00,104,Female,46
1962,07-09-22,18:59:00,65,Male,44
249,28-09-22,20:17:00,109,Male,20
1249,10-12-22,21:44:00,95,Male,20
922,19-10-23,22:54:00,103,Male,41
1922,28-10-23,20:07:00,72,Male,41
600,09-10-23,18:39:00,64,Female,59
680,01-12-22,22:04:00,110,Female,53
770,11-12-22,22:49:00,71,Male,32
1600,18-12-22,17:44:00,67,Female,59
1680,03-09-23,17:12:00,72,Female,53
1770,30-11-23,20:08:00,65,Male,32
60,04-12-22,18:15:00,91,Male,30
250,24-12-22,23:00:00,91,Male,48
516,20-09-23,18:38:00,85,Male,30
937,18-10-22,19:57:00,50,Female,62
1060,12-11-22,18:29:00,71,Male,30
1250,19-11-22,20:39:00,96,Male,48
1516,09-11-22,17:19:00,54,Male,30
1937,07-09-22,17:57:00,52,Female,62
318,22-10-23,21:26:00,57,Male,61
342,05-11-23,17:24:00,85,Female,43
564,12-09-23,20:14:00,114,Male,50
767,07-11-22,22:44:00,72,Male,39
1318,25-12-22,22:57:00,55,Male,61
1342,18-09-22,23:00:00,114,Female,43
1564,04-10-22,22:55:00,115,Male,50
1767,10-12-22,17:35:00,87,Male,39
503,08-10-23,20:06:00,63,Male,45
869,08-09-22,22:16:00,51,Male,37
1503,17-10-22,18:28:00,67,Male,45
1869,23-10-22,19:51:00,113,Male,37
126,01-11-22,18:16:00,63,Female,28
349,04-12-23,17:05:00,78,Female,57
440,22-11-23,20:15:00,110,Male,64
1126,12-09-22,17:12:00,62,Female,28
1349,08-12-23,21:57:00,112,Female,57
1440,01-09-23,19:20:00,86,Male,64
124,24-12-22,21:17:00,83,Male,33
324,15-11-22,17:52:00,54,Female,52
677,17-12-22,21:13:00,65,Female,19
1124,06-10-23,20:04:00,83,Male,33
1324,25-09-23,20:29:00,56,Female,52
1677,02-10-22,20:51:00,84,Female,19
30,10-10-23,20:05:00,59,Female,39
226,23-09-22,17:02:00,69,Female,61
229,09-11-23,19:23:00,92,Male,58
896,30-12-23,19:17:00,56,Female,30
959,18-09-22,17:59:00,54,Female,42
998,21-10-23,17:32:00,61,Female,23
1030,27-11-22,18:02:00,96,Female,39
1226,30-11-23,17:52:00,102,Female,61
1229,02-11-23,21:08:00,62,Male,58
1896,05-11-22,20:19:00,87,Female,30
1959,08-10-22,19:56:00,95,Female,42
1998,20-10-23,19:53:00,90,Female,23
12,09-12-22,22:09:00,114,Male,35
1012,08-12-22,18:47:00,56,Male,35
710,03-09-22,21:11:00,71,Female,26
776,08-09-23,18:57:00,109,Male,35
817,05-10-22,21:12:00,87,Male,30
1710,23-10-22,20:14:00,104,Female,26
1776,23-10-22,20:07:00,111,Male,35
1817,11-09-22,21:22:00,82,Male,30
334,16-10-22,20:37:00,103,Male,31
343,09-11-22,18:44:00,68,Male,21
628,23-12-23,18:00:00,66,Female,19
983,10-10-22,20:12:00,61,Female,29
1334,21-09-22,20:37:00,60,Male,31
1343,21-10-23,20:10:00,87,Male,21
1628,28-12-22,22:23:00,51,Female,19
1983,21-12-22,21:38:00,114,Female,29
141,01-11-22,19:26:00,54,Female,22
145,06-11-22,19:21:00,64,Female,39
507,11-12-22,21:40:00,52,Female,37
841,18-12-22,20:58:00,108,Male,31
898,17-09-23,20:55:00,53,Female,42
951,18-09-22,21:35:00,58,Male,33
1141,17-09-23,19:13:00,65,Female,22
1145,01-09-23,19:19:00,87,Female,39
1507,27-12-22,22:14:00,95,Female,37
1841,14-11-23,18:55:00,94,Male,31
1898,13-11-23,18:17:00,81,Female,42
1951,03-12-22,18:56:00,54,Male,33
181,06-11-23,19:59:00,79,Male,19
1181,06-11-22,18:28:00,84,Male,19
784,18-10-23,22:44:00,71,Female,34
1784,28-12-23,20:58:00,100,Female,34
20,12-12-23,21:35:00,85,Male,22
690,19-12-23,18:39:00,91,Female,52
1020,22-11-22,18:30:00,86,Male,22
1690,05-09-23,17:36:00,101,Female,52
47,22-10-22,17:22:00,96,Female,40
405,17-10-22,17:55:00,79,Female,25
1047,04-12-22,21:53:00,84,Female,40
1405,28-10-23,20:08:00,91,Female,25
205,22-11-22,17:20:00,88,Female,43
512,06-12-22,18:00:00,56,Female,57
565,05-09-23,20:24:00,75,Female,45
761,14-11-22,22:16:00,64,Female,33
762,27-11-23,17:49:00,56,Female,24
950,22-09-22,21:27:00,75,Male,36
1205,25-11-22,19:19:00,97,Female,43
1512,20-12-23,20:05:00,105,Female,57
1565,04-09-23,20:45:00,74,Female,45
1761,09-12-23,18:46:00,72,Female,33
1762,15-11-23,18:43:00,81,Female,24
1950,04-12-22,19:23:00,50,Male,36
86,29-09-23,18:55:00,69,Male,19
173,19-12-23,17:30:00,85,Male,64
1086,14-09-23,19:50:00,84,Male,19
1173,04-12-22,21:03:00,70,Male,64
595,15-10-22,21:35:00,65,Female,18
827,28-10-23,19:24:00,96,Male,61
965,27-11-22,21:45:00,84,Male,22
1595,04-10-23,17:44:00,115,Female,18
1827,09-11-22,20:02:00,62,Male,61
1965,12-12-22,20:03:00,93,Male,22
388,03-12-22,19:04:00,60,Male,50
631,22-10-23,22:18:00,92,Male,56
1388,13-10-23,18:12:00,89,Male,50
1631,01-11-22,19:11:00,75,Male,56
554,06-12-22,21:04:00,94,Female,46
812,02-10-23,17:45:00,89,Male,19
1554,27-11-23,19:55:00,83,Female,46
1812,25-10-23,22:19:00,85,Male,19
58,16-09-23,19:18:00,53,Male,18
952,21-12-22,18:09:00,69,Female,57
1058,30-10-22,18:31:00,100,Male,18
1952,17-12-22,22:13:00,114,Female,57
345,07-12-22,18:56:00,104,Male,62
458,28-11-23,21:35:00,110,Female,39
582,30-09-22,21:38:00,110,Male,35
963,19-10-23,18:24:00,76,Female,55
1345,29-09-22,17:50:00,98,Male,62
1458,09-10-23,19:21:00,95,Female,39
1582,17-10-23,19:12:00,56,Male,35
1963,12-12-22,20:56:00,115,Female,55
369,13-12-23,19:42:00,111,Male,23
706,04-09-22,22:19:00,66,Male,51
747,21-10-22,18:12:00,51,Male,23
1369,10-10-22,21:14:00,64,Male,23
1706,16-10-22,18:04:00,57,Male,51
1747,05-09-23,18:22:00,87,Male,23
533,13-11-22,17:19:00,92,Male,19
1533,29-10-22,19:35:00,67,Male,19
169,28-11-22,18:47:00,73,Male,18
645,14-12-22,22:11:00,51,Female,35
968,18-12-23,20:34:00,101,Female,48
997,01-10-23,20:36:00,51,Male,52
1169,25-09-22,17:12:00,101,Male,18
1645,12-10-23,17:27:00,109,Female,35
1968,21-09-22,19:09:00,75,Female,48
1997,29-10-23,21:09:00,99,Male,52
57,11-10-22,20:12:00,64,Female,63
137,10-09-22,20:42:00,66,Male,46
778,13-12-23,18:28:00,105,Female,47
1057,19-09-23,22:31:00,114,Female,63
1137,05-11-22,22:34:00,104,Male,46
1778,30-12-23,19:57:00,94,Female,47
599,10-12-23,19:07:00,82,Female,28
938,16-09-22,17:55:00,103,Male,49
1599,24-10-22,17:23:00,110,Female,28
1938,12-10-22,20:15:00,76,Male,49
234,09-12-23,17:42:00,64,Female,62
1234,07-09-23,17:46:00,78,Female,62
410,31-10-23,19:41:00,64,Female,29
417,01-10-23,22:03:00,109,Male,43
581,15-12-22,21:16:00,103,Female,48
1410,16-10-22,18:47:00,72,Female,29
1417,26-12-22,17:43:00,54,Male,43
1581,20-12-22,18:57:00,108,Female,48
74,05-10-23,19:50:00,56,Female,18
87,07-09-22,18:09:00,104,Female,28
803,25-10-22,17:16:00,60,Male,39
1074,04-10-22,20:18:00,67,Female,18
1087,08-11-22,23:00:00,81,Female,28
1803,26-12-23,19:36:00,101,Male,39
424,20-12-23,19:21:00,101,Male,57
641,25-12-23,18:30:00,105,Female,40
918,13-10-23,21:59:00,114,Female,42
1424,05-09-23,21:32:00,54,Male,57
1641,01-09-22,17:41:00,65,Female,40
1918,10-12-22,21:57:00,56,Female,42
1,16-12-22,19:10:00,50,Male,34
95,06-11-22,19:57:00,103,Female,32
171,14-10-22,20:10:00,109,Female,52
1001,01-09-23,20:11:00,99,Male,34
1095,05-09-22,17:56:00,56,Female,32
1171,05-10-22,21:05:00,87,Female,52
156,02-12-22,19:34:00,60,Female,43
493,01-12-22,20:10:00,95,Male,41
1156,26-12-22,21:10:00,68,Female,43
1493,26-11-23,21:49:00,58,Male,41
115,02-09-22,19:21:00,67,Male,51
715,11-10-22,20:57:00,55,Female,42
1115,21-09-23,17:41:00,99,Male,51
1715,30-12-22,19:35:00,89,Female,42
267,19-11-22,17:53:00,84,Female,32
362,27-09-23,22:43:00,101,Male,50
856,05-11-22,17:43:00,102,Male,54
1267,23-12-22,21:03:00,91,Female,32
1362,21-11-23,18:53:00,104,Male,50
1856,20-12-23,21:34:00,114,Male,54
84,10-11-23,17:17:00,89,Female,38
795,03-10-23,19:51:00,71,Male,57
1084,23-10-22,20:37:00,93,Female,38
1795,29-12-23,18:50:00,86,Male,57
24,14-12-23,22:59:00,59,Female,49
215,03-10-22,21:20:00,101,Male,58
739,14-10-23,17:09:00,57,Male,36
1024,03-12-23,21:51:00,72,Female,49
1215,19-11-22,20:44:00,107,Male,58
1739,25-10-23,17:52:00,67,Male,36
289,09-09-23,20:29:00,107,Male,53
741,24-12-22,22:30:00,53,Male,48
810,01-12-22,18:04:00,76,Male,59
1289,10-10-23,19:35:00,83,Male,53
1741,02-09-23,20:47:00,70,Male,48
1810,22-09-23,18:29:00,106,Male,59
266,12-09-22,18:26:00,66,Female,19
389,11-11-22,19:06:00,109,Male,21
1266,03-09-23,20:08:00,79,Female,19
1389,27-09-23,18:11:00,60,Male,21
112,25-12-23,18:44:00,57,Male,37
566,26-11-22,19:15:00,106,Female,64
608,07-12-22,22:19:00,112,Female,55
1112,22-12-22,17:11:00,94,Male,37
1566,03-10-22,18:17:00,56,Female,64
1608,26-09-23,21:01:00,87,Female,55
348,17-10-22,20:20:00,83,Female,35
1348,25-10-23,17:21:00,79,Female,35
199,26-10-23,21:34:00,53,Male,45
258,29-12-23,17:40:00,109,Female,37
485,08-11-22,17:30:00,101,Male,24
576,25-12-23,17:30:00,113,Female,33
1199,16-12-23,17:46:00,110,Male,45
1258,03-12-22,20:27:00,64,Female,37
1485,24-09-22,18:29:00,66,Male,24
1576,14-12-22,18:34:00,108,Female,33
65,11-12-22,20:03:00,84,Male,51
311,20-11-23,21:01:00,61,Female,32
791,04-09-22,16:28:00,106,Female,51
971,30-12-23,16:50:00,64,Female,27
999,14-12-22,16:45:00,110,Female,36
1065,24-10-23,15:16:00,76,Male,51
1311,24-11-23,15:22:00,84,Female,32
1791,06-10-22,14:52:00,87,Female,51
1971,12-09-22,16:19:00,90,Female,27
1999,12-11-22,13:06:00,61,Female,36
395,01-12-22,15:00:00,76,Male,50
535,20-11-23,13:46:00,59,Male,47
580,14-11-22,14:44:00,104,Female,31
712,12-09-23,14:15:00,108,Female,57
868,04-12-23,13:39:00,110,Female,25
1395,10-09-23,14:18:00,91,Male,50
1535,18-12-23,15:31:00,52,Male,47
1580,21-09-23,15:47:00,105,Female,31
1712,25-11-23,16:37:00,92,Female,57
1868,06-12-22,16:23:00,78,Female,25
531,08-10-22,12:30:00,105,Male,31
550,27-09-23,16:58:00,80,Male,40
1531,22-09-22,13:19:00,56,Male,31
1550,30-09-22,13:11:00,73,Male,40
392,21-12-22,13:11:00,77,Male,27
453,14-10-22,14:45:00,90,Female,26
540,22-12-22,16:17:00,79,Female,46
625,25-12-22,13:36:00,68,Male,31
1392,12-09-22,12:28:00,70,Male,27
1453,14-10-23,13:24:00,113,Female,26
1540,12-10-23,16:51:00,115,Female,46
1625,27-09-23,16:36:00,52,Male,31
244,14-09-23,13:57:00,101,Male,28
355,23-09-22,13:42:00,96,Female,55
468,05-12-22,14:32:00,86,Male,40
700,01-09-22,15:07:00,61,Male,36
752,20-09-23,16:06:00,79,Male,29
828,24-11-22,15:54:00,76,Female,33
1244,11-12-22,16:47:00,100,Male,28
1355,17-09-23,13:19:00,107,Female,55
1468,08-11-23,13:14:00,73,Male,40
1700,27-09-23,16:10:00,87,Male,36
1752,21-10-23,13:01:00,79,Male,29
1828,14-10-22,14:14:00,99,Female,33
80,22-10-23,16:51:00,82,Female,64
214,05-11-22,16:31:00,53,Male,20
361,12-09-22,16:37:00,112,Female,34
526,19-11-22,12:47:00,65,Male,33
1080,08-12-22,13:31:00,70,Female,64
1214,18-11-23,14:24:00,50,Male,20
1361,12-09-23,16:00:00,89,Female,34
1526,25-09-22,15:06:00,84,Male,33
265,24-11-22,12:12:00,80,Male,55
586,20-12-23,14:57:00,84,Male,50
1265,05-11-22,14:35:00,86,Male,55
1586,04-11-22,16:25:00,59,Male,50
336,04-11-23,13:05:00,67,Female,52
571,20-10-22,12:51:00,87,Female,41
1336,23-09-22,13:27:00,74,Female,52
1571,08-11-22,14:55:00,105,Female,41
9,02-12-22,13:12:00,85,Male,63
552,29-10-22,13:32:00,85,Female,49
771,24-12-23,12:23:00,70,Male,24
1009,22-09-23,14:18:00,88,Male,63
1552,25-09-22,12:11:00,55,Female,49
1771,13-09-23,13:41:00,108,Male,24
496,12-12-22,13:07:00,91,Male,23
701,29-11-23,16:33:00,93,Female,52
1496,03-09-22,15:05:00,110,Male,23
1701,13-10-23,15:09:00,62,Female,52
139,15-09-23,14:03:00,113,Male,36
151,12-10-23,15:49:00,108,Male,29
1139,21-12-23,14:23:00,87,Male,36
1151,12-12-22,14:48:00,99,Male,29
83,27-11-22,15:57:00,56,Male,54
153,19-11-23,15:52:00,62,Male,63
451,09-10-23,15:38:00,74,Female,45
1083,30-09-22,15:46:00,99,Male,54
1153,24-09-22,12:30:00,91,Male,63
1451,23-09-22,12:10:00,94,Female,45
99,19-11-23,15:12:00,71,Female,50
783,11-11-22,15:37:00,91,Female,56
1099,24-12-22,12:41:00,56,Female,50
1783,05-09-23,16:37:00,52,Female,56
409,17-12-23,12:30:00,55,Female,21
525,05-09-22,14:15:00,98,Female,47
939,07-11-22,15:28:00,75,Female,46
994,24-12-22,16:38:00,73,Female,51
1409,22-11-23,12:15:00,102,Female,21
1525,13-12-22,13:35:00,106,Female,47
1939,31-10-22,13:30:00,74,Female,46
1994,20-11-22,13:27:00,86,Female,51
96,22-11-23,14:10:00,62,Female,44
609,19-11-23,13:02:00,59,Female,47
982,10-11-22,14:08:00,50,Female,46
1096,01-12-22,14:49:00,82,Female,44
1609,05-10-23,13:58:00,81,Female,47
1982,09-09-23,12:46:00,110,Female,46
209,03-09-22,12:22:00,61,Female,30
435,15-12-23,13:41:00,113,Female,30
777,10-09-22,15:07:00,54,Male,48
854,01-10-22,15:42:00,84,Male,29
890,25-12-23,14:44:00,76,Male,34
1209,06-12-22,12:37:00,55,Female,30
1435,27-10-22,13:31:00,61,Female,30
1777,15-11-23,12:06:00,74,Male,48
1854,25-11-23,16:53:00,109,Male,29
1890,18-10-23,14:20:00,51,Male,34
865,17-12-23,14:49:00,78,Female,42
1865,18-11-22,14:52:00,107,Female,42
662,03-12-22,12:40:00,100,Male,48
1662,20-12-23,12:38:00,106,Male,48
309,12-10-23,15:39:00,78,Female,26
544,31-10-23,13:46:00,95,Female,27
602,12-12-23,16:46:00,75,Female,20
615,31-10-22,15:06:00,58,Female,61
678,17-11-22,15:55:00,70,Female,60
781,19-10-22,16:52:00,106,Male,35
1309,30-09-22,16:50:00,93,Female,26
1544,16-12-22,15:58:00,70,Female,27
1602,01-12-22,15:17:00,86,Female,20
1615,17-11-22,13:43:00,82,Female,61
1678,16-09-22,13:44:00,99,Female,60
1781,13-10-22,12:22:00,55,Male,35
34,24-09-23,13:26:00,87,Female,51
916,05-12-23,12:56:00,68,Female,32
1034,13-11-22,14:48:00,52,Female,51
1916,08-11-22,12:40:00,102,Female,32
757,06-10-23,12:10:00,82,Female,43
1757,29-09-23,16:42:00,50,Female,43
25,20-11-22,14:32:00,61,Female,64
82,08-09-22,12:55:00,85,Female,32
472,30-10-23,15:23:00,95,Female,38
842,28-11-22,14:13:00,71,Female,47
879,13-11-22,16:51:00,50,Male,23
991,14-09-23,14:28:00,110,Female,34
1025,12-11-22,16:41:00,103,Female,64
1082,22-10-22,15:56:00,111,Female,32
1472,18-12-23,15:22:00,74,Female,38
1842,04-10-22,14:03:00,84,Female,47
1879,18-11-22,15:27:00,66,Male,23
1991,04-12-22,13:11:00,96,Female,34
62,16-09-23,12:54:00,50,Male,18
386,23-10-22,13:20:00,77,Female,54
1062,20-12-22,16:05:00,69,Male,18
1386,19-12-23,14:06:00,110,Female,54
429,08-09-23,14:29:00,80,Male,64
664,03-09-22,16:52:00,109,Female,44
989,31-10-22,13:30:00,97,Female,44
1429,22-11-23,13:14:00,102,Male,64
1664,12-12-23,16:44:00,99,Female,44
1989,06-09-22,16:21:00,109,Female,44
233,03-09-22,13:09:00,81,Female,51
520,16-10-22,12:42:00,79,Female,49
805,03-09-22,13:55:00,59,Female,30
908,30-10-22,14:47:00,64,Male,46
1233,01-10-23,16:20:00,79,Female,51
1520,21-11-22,15:28:00,88,Female,49
1805,10-10-23,13:35:00,79,Female,30
1908,17-12-23,12:34:00,93,Male,46
857,20-11-23,12:09:00,62,Male,60
1857,09-11-22,12:15:00,109,Male,60
211,12-09-22,14:02:00,54,Male,42
650,08-10-23,12:41:00,98,Male,55
1211,22-11-23,14:59:00,82,Male,42
1650,23-09-22,16:24:00,89,Male,55
